-- phpMyAdmin SQL Dump
-- version 4.0.10.6
-- http://www.phpmyadmin.net
--
-- Хост: 127.0.0.1:3306
-- Время создания: Авг 07 2015 г., 10:59
-- Версия сервера: 5.5.41-log
-- Версия PHP: 5.3.29

SET SQL_MODE = "NO_AUTO_VALUE_ON_ZERO";
SET time_zone = "+00:00";


/*!40101 SET @OLD_CHARACTER_SET_CLIENT=@@CHARACTER_SET_CLIENT */;
/*!40101 SET @OLD_CHARACTER_SET_RESULTS=@@CHARACTER_SET_RESULTS */;
/*!40101 SET @OLD_COLLATION_CONNECTION=@@COLLATION_CONNECTION */;
/*!40101 SET NAMES utf8 */;

--
-- База данных: `ishop`
--

-- --------------------------------------------------------

--
-- Структура таблицы `brands`
--

CREATE TABLE IF NOT EXISTS `brands` (
  `brand_id` tinyint(3) unsigned NOT NULL AUTO_INCREMENT,
  `brand_name` varchar(255) NOT NULL,
  `parent_id` tinyint(3) unsigned NOT NULL DEFAULT '0',
  PRIMARY KEY (`brand_id`)
) ENGINE=MyISAM  DEFAULT CHARSET=utf8 AUTO_INCREMENT=18 ;

--
-- Дамп данных таблицы `brands`
--

INSERT INTO `brands` (`brand_id`, `brand_name`, `parent_id`) VALUES
(10, 'NEC', 0),
(9, 'Motorola', 0),
(8, 'Samsung', 0),
(7, 'Моноблок', 3),
(6, 'Раскладушки', 1),
(5, 'Сенсоры', 3),
(4, 'Слайдеры', 3),
(3, 'LG', 0),
(2, 'Ericsson', 0),
(1, 'Alcatel', 0),
(11, 'Nokia', 0),
(12, 'Panasonic', 0),
(13, '2 SIM-карты', 11),
(14, 'Моноблок', 11);

-- --------------------------------------------------------

--
-- Структура таблицы `customers`
--

CREATE TABLE IF NOT EXISTS `customers` (
  `customer_id` int(10) unsigned NOT NULL AUTO_INCREMENT,
  `name` varchar(255) NOT NULL,
  `email` varchar(255) NOT NULL,
  `phone` varchar(255) DEFAULT NULL,
  `address` varchar(255) DEFAULT NULL,
  `login` varchar(20) CHARACTER SET utf8 COLLATE utf8_bin DEFAULT NULL,
  `password` varchar(32) DEFAULT NULL,
  `id_role` tinyint(3) unsigned NOT NULL DEFAULT '1',
  PRIMARY KEY (`customer_id`)
) ENGINE=MyISAM  DEFAULT CHARSET=utf8 AUTO_INCREMENT=35 ;

--
-- Дамп данных таблицы `customers`
--

INSERT INTO `customers` (`customer_id`, `name`, `email`, `phone`, `address`, `login`, `password`, `id_role`) VALUES
(2, 'Петров Петр Петрович', '2@2.com', '222-222', 'city 2', 'User1', '698d51a19d8a121ce581499d7b701668', 2),
(3, 'Сидоров &Сидор Сидорович', '3@3.com', '333-333', 'city 3', 'user2', '202cb962ac59075b964b07152d234b70', 1),
(12, 'Гость 1', 'guest@mail.ru', '111', 'Адрес гостя', NULL, NULL, 1),
(13, 'Гость 2', 'guest2@mail.ru', '222', 'Адрес гостя 2', NULL, NULL, 1),
(15, 'Гость 3', 'guest3@mail.ru', '333', 'Адрес гостя 3', NULL, NULL, 1),
(21, 'д''Артаньян', 'mail@mail.ru', '\\555\\ 555-55-55', 'город', NULL, NULL, 1),
(22, 'Василий Висильевич', 'jk@mail.ru', '', '', 'vasya', '1234', 1),
(24, 'Кулик Михаил Михайлович', 'email@mail.ru', '123-123', 'Ул. Ленина, 43, кв. 2', NULL, NULL, 1),
(25, 'Григорьев Алексей Анатольевич', 'nokra@mail.ru', '14', 'Оренбургская, 35', NULL, NULL, 1),
(26, 'Кулик Михаил Михайлович', 'michael.187@mail.ru', '905904', 'Ул. Космонавта Волынова, 15', NULL, NULL, 1),
(27, 'w', 'w', 'w', 'w', NULL, NULL, 1),
(30, 'michael18', 'as@mail.ru', '', '', 'mr_mikhain', '202cb962ac59075b964b07152d234b70', 1),
(31, 'user1', 'dd', NULL, NULL, 'dd', 'f59f332a2c5827556c9782e1c3b3c0a6', 1),
(32, 'user1', 'fdaf', '', '', 'fsda', 'fc2baa1a20b4d5190b122b383d7449fd', 1);

-- --------------------------------------------------------

--
-- Структура таблицы `dostavka`
--

CREATE TABLE IF NOT EXISTS `dostavka` (
  `dostavka_id` tinyint(3) unsigned NOT NULL AUTO_INCREMENT,
  `name` varchar(255) NOT NULL,
  PRIMARY KEY (`dostavka_id`)
) ENGINE=MyISAM  DEFAULT CHARSET=utf8 AUTO_INCREMENT=5 ;

--
-- Дамп данных таблицы `dostavka`
--

INSERT INTO `dostavka` (`dostavka_id`, `name`) VALUES
(1, 'Пересылка по почте'),
(2, 'Курьером'),
(3, 'Самовывоз'),
(4, 'Другое, по согласованию с менеджером');

-- --------------------------------------------------------

--
-- Структура таблицы `goods`
--

CREATE TABLE IF NOT EXISTS `goods` (
  `goods_id` int(10) unsigned NOT NULL AUTO_INCREMENT,
  `name` varchar(255) NOT NULL,
  `keywords` varchar(255) NOT NULL,
  `description` varchar(255) NOT NULL,
  `img` varchar(255) NOT NULL DEFAULT 'no_image.jpg',
  `goods_brandid` tinyint(3) unsigned NOT NULL,
  `anons` text NOT NULL,
  `content` text NOT NULL,
  `visible` enum('0','1') NOT NULL DEFAULT '1',
  `hits` enum('0','1') NOT NULL DEFAULT '0',
  `new` enum('0','1') NOT NULL DEFAULT '0',
  `sale` enum('0','1') NOT NULL DEFAULT '0',
  `price` float NOT NULL DEFAULT '0',
  `date` date NOT NULL,
  `img_slide` varchar(255) DEFAULT NULL,
  PRIMARY KEY (`goods_id`),
  FULLTEXT KEY `name` (`name`)
) ENGINE=MyISAM  DEFAULT CHARSET=utf8 AUTO_INCREMENT=73 ;

--
-- Дамп данных таблицы `goods`
--

INSERT INTO `goods` (`goods_id`, `name`, `keywords`, `description`, `img`, `goods_brandid`, `anons`, `content`, `visible`, `hits`, `new`, `sale`, `price`, `date`, `img_slide`) VALUES
(35, 'Nokia 1280', 'Ключевики', 'Описание', 'phone-index.jpg', 13, '<p>\r\n	Футуристичный смартфон Sony Xperia S под управлением ОС Android 2.3 Gingerbread с возможностью обновления до версии 4.0 Ice Cream Sandwich &ndash; первый из серии Xperia NXT, линейки смартфонов нового поколения.</p>\r\n<p>\r\n	В нем объединились новейшие технологии и лучшие разработки Sony, достойный функционал и минималистичный дизайн.</p>', '<p>\r\n	Футуристичный смартфон Sony Xperia S под управлением ОС Android 2.3 Gingerbread с возможностью обновления до версии 4.0 Ice Cream Sandwich &ndash; первый из серии Xperia NXT, линейки смартфонов нового поколения. В нем объединились новейшие технологии и лучшие разработки Sony, достойный функционал и минималистичный дизайн.</p>\r\n<p>\r\n	Высокая производительность. Мощный двухъядерный процессор 1,5 ГГц Qualcomm Snapdragon MSM8260 гарантирует быстродействие любых игр и приложений. Превосходное качество изображения. 4,3-дюймовый HD 1280*720p экран Reality Display с технологией Mobile BRAVIA Engine обеспечивает потрясающие впечатления от просмотра изображений и видео с высоким разрешением.</p>\r\n<p>\r\n	Удобство подключения к другим устройствам. Беспроводная связь на малых расстояниях (NFC) позволяет легко обмениваться информацией с другими пользователями и открывает доступ к многочисленным NFC-приложениям и услугам. Xperia S можно подключить к телевизору посредством Wi-Fi, DLNA, HDMI, а также использовать BRAVIA Sync для управления смартфоном с пульта ДУ телевизора.</p>\r\n<div class="tech-harakt">\r\n	<h3>\r\n		Технические характеристики</h3>\r\n	<h4>\r\n		Связь</h4>\r\n	<ul>\r\n		<li>\r\n			- 3G : Есть</li>\r\n		<li>\r\n			- EDGE : Есть</li>\r\n		<li>\r\n			- Wi-Fi : Есть (802.11 b/g/n)</li>\r\n	</ul>\r\n	<h4>\r\n		Дисплей</h4>\r\n	<ul>\r\n		<li>\r\n			- Тип дисплея : TFT с LED подсветкой</li>\r\n		<li>\r\n			- Разрешение дисплея (пикс) : 1280x720</li>\r\n		<li>\r\n			- Диагональ дисплея (дюйм) : 4.3</li>\r\n		<li>\r\n			- Сенсорный экран : Есть</li>\r\n	</ul>\r\n	<h4>\r\n		Система</h4>\r\n	<ul>\r\n		<li>\r\n			- GPS-навигация : Есть</li>\r\n		<li>\r\n			- Операционная система : Android v2.3</li>\r\n		<li>\r\n			- Частота проц. (МГц) : 1500 (Dual-core Qualcomm MSM8260 Snapdragon)</li>\r\n	</ul>\r\n	<h4>\r\n		Мультимедиа</h4>\r\n	<ul>\r\n		<li>\r\n			- Фотокамера : 12,1 Mпикс</li>\r\n		<li>\r\n			- Аудиоплеер : да</li>\r\n		<li>\r\n			- FM - радио : да</li>\r\n	</ul>\r\n	<h4>\r\n		Корпус</h4>\r\n	<ul>\r\n		<li>\r\n			- Тип корпуса : Классический</li>\r\n	</ul>\r\n	<h4>\r\n		Память</h4>\r\n	<ul>\r\n		<li>\r\n			- Встроенная память (Мб) : 32000</li>\r\n	</ul>\r\n</div>', '1', '1', '1', '0', 35, '2012-10-05', ''),
(34, 'Nokia X1-01 red', 'Ключевики', 'Описание', 'phone-index.jpg', 13, '<p>Футуристичный смартфон Sony Xperia S под управлением ОС Android 2.3 Gingerbread с возможностью обновления до версии 4.0 Ice Cream Sandwich – первый из серии Xperia NXT, линейки смартфонов нового поколения.</p> \r\n\r\n<p>В нем объединились новейшие технологии и лучшие разработки Sony, достойный функционал и минималистичный дизайн.</p>', '<p>Футуристичный смартфон Sony Xperia S под управлением ОС Android 2.3 Gingerbread с возможностью обновления до версии 4.0 Ice Cream Sandwich – первый из серии Xperia NXT, линейки смартфонов нового поколения. В нем объединились новейшие технологии и лучшие разработки Sony, достойный функционал и минималистичный дизайн.</p> \r\n\r\n<p>Высокая производительность. Мощный двухъядерный процессор 1,5 ГГц Qualcomm Snapdragon MSM8260 гарантирует быстродействие любых игр и приложений.\r\nПревосходное качество изображения. 4,3-дюймовый HD 1280*720p экран Reality Display с технологией Mobile BRAVIA Engine обеспечивает потрясающие впечатления от просмотра изображений и видео с высоким разрешением.</p>\r\n\r\n<p>Удобство подключения к другим устройствам. Беспроводная связь на малых расстояниях (NFC) позволяет легко обмениваться информацией с другими пользователями и открывает доступ к многочисленным NFC-приложениям и услугам. Xperia S можно подключить к телевизору посредством Wi-Fi, DLNA, HDMI, а также использовать BRAVIA Sync для управления смартфоном с пульта ДУ телевизора.</p>\r\n				\r\n				\r\n<div class="tech-harakt">\r\n					<h3>Технические характеристики</h3>\r\n\r\n<h4>Связь</h4>\r\n<ul>\r\n<li> - 3G  : Есть </li>\r\n<li> - EDGE  : Есть </li>\r\n<li> - Wi-Fi  : Есть (802.11 b/g/n)</li> \r\n</ul>\r\n\r\n<h4>Дисплей</h4>\r\n<ul>\r\n<li> - Тип дисплея  : TFT с LED подсветкой</li> \r\n<li> - Разрешение дисплея (пикс)  : 1280x720</li> \r\n<li> - Диагональ дисплея (дюйм)  : 4.3 </li>\r\n<li> - Сенсорный экран  : Есть </li>\r\n</ul>\r\n\r\n<h4>Система</h4>\r\n<ul>\r\n<li> - GPS-навигация  : Есть </li>\r\n<li> - Операционная система  : Android v2.3 </li>\r\n<li> - Частота проц. (МГц) : 1500 (Dual-core Qualcomm MSM8260 Snapdragon) </li>\r\n</ul>\r\n\r\n<h4>Мультимедиа</h4>\r\n<ul>\r\n<li> - Фотокамера : 12,1 Mпикс </li>\r\n<li> - Аудиоплеер : да </li>\r\n<li> - FM - радио : да </li>\r\n</ul>\r\n\r\n<h4>Корпус</h4>\r\n<ul>\r\n<li> - Тип корпуса : Классический </li>\r\n</ul>\r\n\r\n<h4>Память</h4>\r\n<ul>\r\n<li> - Встроенная память (Мб) : 32000</li>\r\n</ul>\r\n</div>', '1', '0', '1', '1', 34000, '2012-10-04', ''),
(33, 'Nokia X2-02 ocean blue', 'Ключевики', 'Описание', 'phone-index.jpg', 14, '<p>\r\n	Футуристичный смартфон Sony Xperia S под управлением ОС Android 2.3 Gingerbread с возможностью обновления до версии 4.0 Ice Cream Sandwich &ndash; первый из серии Xperia NXT, линейки смартфонов нового поколения.</p>\r\n<p>\r\n	В нем объединились новейшие технологии и лучшие разработки Sony, достойный функционал и минималистичный дизайн.</p>', '<p>\r\n	Футуристичный смартфон Sony Xperia S под управлением ОС Android 2.3 Gingerbread с возможностью обновления до версии 4.0 Ice Cream Sandwich &ndash; первый из серии Xperia NXT, линейки смартфонов нового поколения. В нем объединились новейшие технологии и лучшие разработки Sony, достойный функционал и минималистичный дизайн.</p>\r\n<p>\r\n	Высокая производительность. Мощный двухъядерный процессор 1,5 ГГц Qualcomm Snapdragon MSM8260 гарантирует быстродействие любых игр и приложений. Превосходное качество изображения. 4,3-дюймовый HD 1280*720p экран Reality Display с технологией Mobile BRAVIA Engine обеспечивает потрясающие впечатления от просмотра изображений и видео с высоким разрешением.</p>\r\n<p>\r\n	Удобство подключения к другим устройствам. Беспроводная связь на малых расстояниях (NFC) позволяет легко обмениваться информацией с другими пользователями и открывает доступ к многочисленным NFC-приложениям и услугам. Xperia S можно подключить к телевизору посредством Wi-Fi, DLNA, HDMI, а также использовать BRAVIA Sync для управления смартфоном с пульта ДУ телевизора.</p>\r\n<div class="tech-harakt">\r\n	<h3>\r\n		Технические характеристики</h3>\r\n	<h4>\r\n		Связь</h4>\r\n	<ul>\r\n		<li>\r\n			- 3G : Есть</li>\r\n		<li>\r\n			- EDGE : Есть</li>\r\n		<li>\r\n			- Wi-Fi : Есть (802.11 b/g/n)</li>\r\n	</ul>\r\n	<h4>\r\n		Дисплей</h4>\r\n	<ul>\r\n		<li>\r\n			- Тип дисплея : TFT с LED подсветкой</li>\r\n		<li>\r\n			- Разрешение дисплея (пикс) : 1280x720</li>\r\n		<li>\r\n			- Диагональ дисплея (дюйм) : 4.3</li>\r\n		<li>\r\n			- Сенсорный экран : Есть</li>\r\n	</ul>\r\n	<h4>\r\n		Система</h4>\r\n	<ul>\r\n		<li>\r\n			- GPS-навигация : Есть</li>\r\n		<li>\r\n			- Операционная система : Android v2.3</li>\r\n		<li>\r\n			- Частота проц. (МГц) : 1500 (Dual-core Qualcomm MSM8260 Snapdragon)</li>\r\n	</ul>\r\n	<h4>\r\n		Мультимедиа</h4>\r\n	<ul>\r\n		<li>\r\n			- Фотокамера : 12,1 Mпикс</li>\r\n		<li>\r\n			- Аудиоплеер : да</li>\r\n		<li>\r\n			- FM - радио : да</li>\r\n	</ul>\r\n	<h4>\r\n		Корпус</h4>\r\n	<ul>\r\n		<li>\r\n			- Тип корпуса : Классический</li>\r\n	</ul>\r\n	<h4>\r\n		Память</h4>\r\n	<ul>\r\n		<li>\r\n			- Встроенная память (Мб) : 32000</li>\r\n	</ul>\r\n</div>', '1', '1', '1', '0', 33500, '2012-10-03', '33_0.jpg|33_1.gif'),
(32, 'Nokia Asha 200 Green', 'Ключевики', 'Описание', 'phone-index.jpg', 13, '<p>Футуристичный смартфон Sony Xperia S под управлением ОС Android 2.3 Gingerbread с возможностью обновления до версии 4.0 Ice Cream Sandwich – первый из серии Xperia NXT, линейки смартфонов нового поколения.</p> \r\n\r\n<p>В нем объединились новейшие технологии и лучшие разработки Sony, достойный функционал и минималистичный дизайн.</p>', '<p>Футуристичный смартфон Sony Xperia S под управлением ОС Android 2.3 Gingerbread с возможностью обновления до версии 4.0 Ice Cream Sandwich – первый из серии Xperia NXT, линейки смартфонов нового поколения. В нем объединились новейшие технологии и лучшие разработки Sony, достойный функционал и минималистичный дизайн.</p> \r\n\r\n<p>Высокая производительность. Мощный двухъядерный процессор 1,5 ГГц Qualcomm Snapdragon MSM8260 гарантирует быстродействие любых игр и приложений.\r\nПревосходное качество изображения. 4,3-дюймовый HD 1280*720p экран Reality Display с технологией Mobile BRAVIA Engine обеспечивает потрясающие впечатления от просмотра изображений и видео с высоким разрешением.</p>\r\n\r\n<p>Удобство подключения к другим устройствам. Беспроводная связь на малых расстояниях (NFC) позволяет легко обмениваться информацией с другими пользователями и открывает доступ к многочисленным NFC-приложениям и услугам. Xperia S можно подключить к телевизору посредством Wi-Fi, DLNA, HDMI, а также использовать BRAVIA Sync для управления смартфоном с пульта ДУ телевизора.</p>\r\n				\r\n				\r\n<div class="tech-harakt">\r\n					<h3>Технические характеристики</h3>\r\n\r\n<h4>Связь</h4>\r\n<ul>\r\n<li> - 3G  : Есть </li>\r\n<li> - EDGE  : Есть </li>\r\n<li> - Wi-Fi  : Есть (802.11 b/g/n)</li> \r\n</ul>\r\n\r\n<h4>Дисплей</h4>\r\n<ul>\r\n<li> - Тип дисплея  : TFT с LED подсветкой</li> \r\n<li> - Разрешение дисплея (пикс)  : 1280x720</li> \r\n<li> - Диагональ дисплея (дюйм)  : 4.3 </li>\r\n<li> - Сенсорный экран  : Есть </li>\r\n</ul>\r\n\r\n<h4>Система</h4>\r\n<ul>\r\n<li> - GPS-навигация  : Есть </li>\r\n<li> - Операционная система  : Android v2.3 </li>\r\n<li> - Частота проц. (МГц) : 1500 (Dual-core Qualcomm MSM8260 Snapdragon) </li>\r\n</ul>\r\n\r\n<h4>Мультимедиа</h4>\r\n<ul>\r\n<li> - Фотокамера : 12,1 Mпикс </li>\r\n<li> - Аудиоплеер : да </li>\r\n<li> - FM - радио : да </li>\r\n</ul>\r\n\r\n<h4>Корпус</h4>\r\n<ul>\r\n<li> - Тип корпуса : Классический </li>\r\n</ul>\r\n\r\n<h4>Память</h4>\r\n<ul>\r\n<li> - Встроенная память (Мб) : 32000</li>\r\n</ul>\r\n</div>', '1', '0', '1', '0', 32000, '2012-10-02', ''),
(31, 'Nokia Asha 305 Silver White', 'Ключевики', 'Описание', 'phone-index.jpg', 13, '<p>Футуристичный смартфон Sony Xperia S под управлением ОС Android 2.3 Gingerbread с возможностью обновления до версии 4.0 Ice Cream Sandwich – первый из серии Xperia NXT, линейки смартфонов нового поколения.</p> \r\n\r\n<p>В нем объединились новейшие технологии и лучшие разработки Sony, достойный функционал и минималистичный дизайн.</p>', '<p>Футуристичный смартфон Sony Xperia S под управлением ОС Android 2.3 Gingerbread с возможностью обновления до версии 4.0 Ice Cream Sandwich – первый из серии Xperia NXT, линейки смартфонов нового поколения. В нем объединились новейшие технологии и лучшие разработки Sony, достойный функционал и минималистичный дизайн.</p> \r\n\r\n<p>Высокая производительность. Мощный двухъядерный процессор 1,5 ГГц Qualcomm Snapdragon MSM8260 гарантирует быстродействие любых игр и приложений.\r\nПревосходное качество изображения. 4,3-дюймовый HD 1280*720p экран Reality Display с технологией Mobile BRAVIA Engine обеспечивает потрясающие впечатления от просмотра изображений и видео с высоким разрешением.</p>\r\n\r\n<p>Удобство подключения к другим устройствам. Беспроводная связь на малых расстояниях (NFC) позволяет легко обмениваться информацией с другими пользователями и открывает доступ к многочисленным NFC-приложениям и услугам. Xperia S можно подключить к телевизору посредством Wi-Fi, DLNA, HDMI, а также использовать BRAVIA Sync для управления смартфоном с пульта ДУ телевизора.</p>\r\n				\r\n				\r\n<div class="tech-harakt">\r\n					<h3>Технические характеристики</h3>\r\n\r\n<h4>Связь</h4>\r\n<ul>\r\n<li> - 3G  : Есть </li>\r\n<li> - EDGE  : Есть </li>\r\n<li> - Wi-Fi  : Есть (802.11 b/g/n)</li> \r\n</ul>\r\n\r\n<h4>Дисплей</h4>\r\n<ul>\r\n<li> - Тип дисплея  : TFT с LED подсветкой</li> \r\n<li> - Разрешение дисплея (пикс)  : 1280x720</li> \r\n<li> - Диагональ дисплея (дюйм)  : 4.3 </li>\r\n<li> - Сенсорный экран  : Есть </li>\r\n</ul>\r\n\r\n<h4>Система</h4>\r\n<ul>\r\n<li> - GPS-навигация  : Есть </li>\r\n<li> - Операционная система  : Android v2.3 </li>\r\n<li> - Частота проц. (МГц) : 1500 (Dual-core Qualcomm MSM8260 Snapdragon) </li>\r\n</ul>\r\n\r\n<h4>Мультимедиа</h4>\r\n<ul>\r\n<li> - Фотокамера : 12,1 Mпикс </li>\r\n<li> - Аудиоплеер : да </li>\r\n<li> - FM - радио : да </li>\r\n</ul>\r\n\r\n<h4>Корпус</h4>\r\n<ul>\r\n<li> - Тип корпуса : Классический </li>\r\n</ul>\r\n\r\n<h4>Память</h4>\r\n<ul>\r\n<li> - Встроенная память (Мб) : 32000</li>\r\n</ul>\r\n</div>', '1', '0', '1', '0', 31000, '2012-10-01', ''),
(30, 'Nokia C3-01.5 silver', 'Ключевики', 'Описание', 'phone-index.jpg', 14, '<p>Футуристичный смартфон Sony Xperia S под управлением ОС Android 2.3 Gingerbread с возможностью обновления до версии 4.0 Ice Cream Sandwich – первый из серии Xperia NXT, линейки смартфонов нового поколения.</p> \r\n\r\n<p>В нем объединились новейшие технологии и лучшие разработки Sony, достойный функционал и минималистичный дизайн.</p>', '<p>Футуристичный смартфон Sony Xperia S под управлением ОС Android 2.3 Gingerbread с возможностью обновления до версии 4.0 Ice Cream Sandwich – первый из серии Xperia NXT, линейки смартфонов нового поколения. В нем объединились новейшие технологии и лучшие разработки Sony, достойный функционал и минималистичный дизайн.</p> \r\n\r\n<p>Высокая производительность. Мощный двухъядерный процессор 1,5 ГГц Qualcomm Snapdragon MSM8260 гарантирует быстродействие любых игр и приложений.\r\nПревосходное качество изображения. 4,3-дюймовый HD 1280*720p экран Reality Display с технологией Mobile BRAVIA Engine обеспечивает потрясающие впечатления от просмотра изображений и видео с высоким разрешением.</p>\r\n\r\n<p>Удобство подключения к другим устройствам. Беспроводная связь на малых расстояниях (NFC) позволяет легко обмениваться информацией с другими пользователями и открывает доступ к многочисленным NFC-приложениям и услугам. Xperia S можно подключить к телевизору посредством Wi-Fi, DLNA, HDMI, а также использовать BRAVIA Sync для управления смартфоном с пульта ДУ телевизора.</p>\r\n				\r\n				\r\n<div class="tech-harakt">\r\n					<h3>Технические характеристики</h3>\r\n\r\n<h4>Связь</h4>\r\n<ul>\r\n<li> - 3G  : Есть </li>\r\n<li> - EDGE  : Есть </li>\r\n<li> - Wi-Fi  : Есть (802.11 b/g/n)</li> \r\n</ul>\r\n\r\n<h4>Дисплей</h4>\r\n<ul>\r\n<li> - Тип дисплея  : TFT с LED подсветкой</li> \r\n<li> - Разрешение дисплея (пикс)  : 1280x720</li> \r\n<li> - Диагональ дисплея (дюйм)  : 4.3 </li>\r\n<li> - Сенсорный экран  : Есть </li>\r\n</ul>\r\n\r\n<h4>Система</h4>\r\n<ul>\r\n<li> - GPS-навигация  : Есть </li>\r\n<li> - Операционная система  : Android v2.3 </li>\r\n<li> - Частота проц. (МГц) : 1500 (Dual-core Qualcomm MSM8260 Snapdragon) </li>\r\n</ul>\r\n\r\n<h4>Мультимедиа</h4>\r\n<ul>\r\n<li> - Фотокамера : 12,1 Mпикс </li>\r\n<li> - Аудиоплеер : да </li>\r\n<li> - FM - радио : да </li>\r\n</ul>\r\n\r\n<h4>Корпус</h4>\r\n<ul>\r\n<li> - Тип корпуса : Классический </li>\r\n</ul>\r\n\r\n<h4>Память</h4>\r\n<ul>\r\n<li> - Встроенная память (Мб) : 32000</li>\r\n</ul>\r\n</div>', '1', '0', '1', '0', 30000, '2012-09-30', ''),
(29, 'Nokia C3-00 ', 'Ключевики', 'Описание', 'phone-index.jpg', 14, '<p>Футуристичный смартфон Sony Xperia S под управлением ОС Android 2.3 Gingerbread с возможностью обновления до версии 4.0 Ice Cream Sandwich – первый из серии Xperia NXT, линейки смартфонов нового поколения.</p> \r\n\r\n<p>В нем объединились новейшие технологии и лучшие разработки Sony, достойный функционал и минималистичный дизайн.</p>', '<p>Футуристичный смартфон Sony Xperia S под управлением ОС Android 2.3 Gingerbread с возможностью обновления до версии 4.0 Ice Cream Sandwich – первый из серии Xperia NXT, линейки смартфонов нового поколения. В нем объединились новейшие технологии и лучшие разработки Sony, достойный функционал и минималистичный дизайн.</p> \r\n\r\n<p>Высокая производительность. Мощный двухъядерный процессор 1,5 ГГц Qualcomm Snapdragon MSM8260 гарантирует быстродействие любых игр и приложений.\r\nПревосходное качество изображения. 4,3-дюймовый HD 1280*720p экран Reality Display с технологией Mobile BRAVIA Engine обеспечивает потрясающие впечатления от просмотра изображений и видео с высоким разрешением.</p>\r\n\r\n<p>Удобство подключения к другим устройствам. Беспроводная связь на малых расстояниях (NFC) позволяет легко обмениваться информацией с другими пользователями и открывает доступ к многочисленным NFC-приложениям и услугам. Xperia S можно подключить к телевизору посредством Wi-Fi, DLNA, HDMI, а также использовать BRAVIA Sync для управления смартфоном с пульта ДУ телевизора.</p>\r\n				\r\n				\r\n<div class="tech-harakt">\r\n					<h3>Технические характеристики</h3>\r\n\r\n<h4>Связь</h4>\r\n<ul>\r\n<li> - 3G  : Есть </li>\r\n<li> - EDGE  : Есть </li>\r\n<li> - Wi-Fi  : Есть (802.11 b/g/n)</li> \r\n</ul>\r\n\r\n<h4>Дисплей</h4>\r\n<ul>\r\n<li> - Тип дисплея  : TFT с LED подсветкой</li> \r\n<li> - Разрешение дисплея (пикс)  : 1280x720</li> \r\n<li> - Диагональ дисплея (дюйм)  : 4.3 </li>\r\n<li> - Сенсорный экран  : Есть </li>\r\n</ul>\r\n\r\n<h4>Система</h4>\r\n<ul>\r\n<li> - GPS-навигация  : Есть </li>\r\n<li> - Операционная система  : Android v2.3 </li>\r\n<li> - Частота проц. (МГц) : 1500 (Dual-core Qualcomm MSM8260 Snapdragon) </li>\r\n</ul>\r\n\r\n<h4>Мультимедиа</h4>\r\n<ul>\r\n<li> - Фотокамера : 12,1 Mпикс </li>\r\n<li> - Аудиоплеер : да </li>\r\n<li> - FM - радио : да </li>\r\n</ul>\r\n\r\n<h4>Корпус</h4>\r\n<ul>\r\n<li> - Тип корпуса : Классический </li>\r\n</ul>\r\n\r\n<h4>Память</h4>\r\n<ul>\r\n<li> - Встроенная память (Мб) : 32000</li>\r\n</ul>\r\n</div>', '1', '0', '1', '0', 29000, '2012-09-29', ''),
(28, 'Nokia Asha 305 Red', 'Ключевики', 'Описание', 'phone-index.jpg', 13, '<p>Футуристичный смартфон Sony Xperia S под управлением ОС Android 2.3 Gingerbread с возможностью обновления до версии 4.0 Ice Cream Sandwich – первый из серии Xperia NXT, линейки смартфонов нового поколения.</p> \r\n\r\n<p>В нем объединились новейшие технологии и лучшие разработки Sony, достойный функционал и минималистичный дизайн.</p>', '<p>Футуристичный смартфон Sony Xperia S под управлением ОС Android 2.3 Gingerbread с возможностью обновления до версии 4.0 Ice Cream Sandwich – первый из серии Xperia NXT, линейки смартфонов нового поколения. В нем объединились новейшие технологии и лучшие разработки Sony, достойный функционал и минималистичный дизайн.</p> \r\n\r\n<p>Высокая производительность. Мощный двухъядерный процессор 1,5 ГГц Qualcomm Snapdragon MSM8260 гарантирует быстродействие любых игр и приложений.\r\nПревосходное качество изображения. 4,3-дюймовый HD 1280*720p экран Reality Display с технологией Mobile BRAVIA Engine обеспечивает потрясающие впечатления от просмотра изображений и видео с высоким разрешением.</p>\r\n\r\n<p>Удобство подключения к другим устройствам. Беспроводная связь на малых расстояниях (NFC) позволяет легко обмениваться информацией с другими пользователями и открывает доступ к многочисленным NFC-приложениям и услугам. Xperia S можно подключить к телевизору посредством Wi-Fi, DLNA, HDMI, а также использовать BRAVIA Sync для управления смартфоном с пульта ДУ телевизора.</p>\r\n				\r\n				\r\n<div class="tech-harakt">\r\n					<h3>Технические характеристики</h3>\r\n\r\n<h4>Связь</h4>\r\n<ul>\r\n<li> - 3G  : Есть </li>\r\n<li> - EDGE  : Есть </li>\r\n<li> - Wi-Fi  : Есть (802.11 b/g/n)</li> \r\n</ul>\r\n\r\n<h4>Дисплей</h4>\r\n<ul>\r\n<li> - Тип дисплея  : TFT с LED подсветкой</li> \r\n<li> - Разрешение дисплея (пикс)  : 1280x720</li> \r\n<li> - Диагональ дисплея (дюйм)  : 4.3 </li>\r\n<li> - Сенсорный экран  : Есть </li>\r\n</ul>\r\n\r\n<h4>Система</h4>\r\n<ul>\r\n<li> - GPS-навигация  : Есть </li>\r\n<li> - Операционная система  : Android v2.3 </li>\r\n<li> - Частота проц. (МГц) : 1500 (Dual-core Qualcomm MSM8260 Snapdragon) </li>\r\n</ul>\r\n\r\n<h4>Мультимедиа</h4>\r\n<ul>\r\n<li> - Фотокамера : 12,1 Mпикс </li>\r\n<li> - Аудиоплеер : да </li>\r\n<li> - FM - радио : да </li>\r\n</ul>\r\n\r\n<h4>Корпус</h4>\r\n<ul>\r\n<li> - Тип корпуса : Классический </li>\r\n</ul>\r\n\r\n<h4>Память</h4>\r\n<ul>\r\n<li> - Встроенная память (Мб) : 32000</li>\r\n</ul>\r\n</div>', '1', '0', '0', '0', 28000, '2012-09-28', ''),
(25, 'Nokia 101', 'Ключевики', 'Описание', 'phone-index.jpg', 13, '<p>Футуристичный смартфон Sony Xperia S под управлением ОС Android 2.3 Gingerbread с возможностью обновления до версии 4.0 Ice Cream Sandwich – первый из серии Xperia NXT, линейки смартфонов нового поколения.</p> \r\n\r\n<p>В нем объединились новейшие технологии и лучшие разработки Sony, достойный функционал и минималистичный дизайн.</p>', '<p>Футуристичный смартфон Sony Xperia S под управлением ОС Android 2.3 Gingerbread с возможностью обновления до версии 4.0 Ice Cream Sandwich – первый из серии Xperia NXT, линейки смартфонов нового поколения. В нем объединились новейшие технологии и лучшие разработки Sony, достойный функционал и минималистичный дизайн.</p> \r\n\r\n<p>Высокая производительность. Мощный двухъядерный процессор 1,5 ГГц Qualcomm Snapdragon MSM8260 гарантирует быстродействие любых игр и приложений.\r\nПревосходное качество изображения. 4,3-дюймовый HD 1280*720p экран Reality Display с технологией Mobile BRAVIA Engine обеспечивает потрясающие впечатления от просмотра изображений и видео с высоким разрешением.</p>\r\n\r\n<p>Удобство подключения к другим устройствам. Беспроводная связь на малых расстояниях (NFC) позволяет легко обмениваться информацией с другими пользователями и открывает доступ к многочисленным NFC-приложениям и услугам. Xperia S можно подключить к телевизору посредством Wi-Fi, DLNA, HDMI, а также использовать BRAVIA Sync для управления смартфоном с пульта ДУ телевизора.</p>\r\n				\r\n				\r\n<div class="tech-harakt">\r\n					<h3>Технические характеристики</h3>\r\n\r\n<h4>Связь</h4>\r\n<ul>\r\n<li> - 3G  : Есть </li>\r\n<li> - EDGE  : Есть </li>\r\n<li> - Wi-Fi  : Есть (802.11 b/g/n)</li> \r\n</ul>\r\n\r\n<h4>Дисплей</h4>\r\n<ul>\r\n<li> - Тип дисплея  : TFT с LED подсветкой</li> \r\n<li> - Разрешение дисплея (пикс)  : 1280x720</li> \r\n<li> - Диагональ дисплея (дюйм)  : 4.3 </li>\r\n<li> - Сенсорный экран  : Есть </li>\r\n</ul>\r\n\r\n<h4>Система</h4>\r\n<ul>\r\n<li> - GPS-навигация  : Есть </li>\r\n<li> - Операционная система  : Android v2.3 </li>\r\n<li> - Частота проц. (МГц) : 1500 (Dual-core Qualcomm MSM8260 Snapdragon) </li>\r\n</ul>\r\n\r\n<h4>Мультимедиа</h4>\r\n<ul>\r\n<li> - Фотокамера : 12,1 Mпикс </li>\r\n<li> - Аудиоплеер : да </li>\r\n<li> - FM - радио : да </li>\r\n</ul>\r\n\r\n<h4>Корпус</h4>\r\n<ul>\r\n<li> - Тип корпуса : Классический </li>\r\n</ul>\r\n\r\n<h4>Память</h4>\r\n<ul>\r\n<li> - Встроенная память (Мб) : 32000</li>\r\n</ul>\r\n</div>', '1', '1', '0', '1', 25000, '2012-09-25', ''),
(26, 'Nokia X2-03 dark silver', 'Ключевики', 'Описание', 'phone-index.jpg', 14, '<p>Футуристичный смартфон Sony Xperia S под управлением ОС Android 2.3 Gingerbread с возможностью обновления до версии 4.0 Ice Cream Sandwich – первый из серии Xperia NXT, линейки смартфонов нового поколения.</p> \r\n\r\n<p>В нем объединились новейшие технологии и лучшие разработки Sony, достойный функционал и минималистичный дизайн.</p>', '<p>Футуристичный смартфон Sony Xperia S под управлением ОС Android 2.3 Gingerbread с возможностью обновления до версии 4.0 Ice Cream Sandwich – первый из серии Xperia NXT, линейки смартфонов нового поколения. В нем объединились новейшие технологии и лучшие разработки Sony, достойный функционал и минималистичный дизайн.</p> \r\n\r\n<p>Высокая производительность. Мощный двухъядерный процессор 1,5 ГГц Qualcomm Snapdragon MSM8260 гарантирует быстродействие любых игр и приложений.\r\nПревосходное качество изображения. 4,3-дюймовый HD 1280*720p экран Reality Display с технологией Mobile BRAVIA Engine обеспечивает потрясающие впечатления от просмотра изображений и видео с высоким разрешением.</p>\r\n\r\n<p>Удобство подключения к другим устройствам. Беспроводная связь на малых расстояниях (NFC) позволяет легко обмениваться информацией с другими пользователями и открывает доступ к многочисленным NFC-приложениям и услугам. Xperia S можно подключить к телевизору посредством Wi-Fi, DLNA, HDMI, а также использовать BRAVIA Sync для управления смартфоном с пульта ДУ телевизора.</p>\r\n				\r\n				\r\n<div class="tech-harakt">\r\n					<h3>Технические характеристики</h3>\r\n\r\n<h4>Связь</h4>\r\n<ul>\r\n<li> - 3G  : Есть </li>\r\n<li> - EDGE  : Есть </li>\r\n<li> - Wi-Fi  : Есть (802.11 b/g/n)</li> \r\n</ul>\r\n\r\n<h4>Дисплей</h4>\r\n<ul>\r\n<li> - Тип дисплея  : TFT с LED подсветкой</li> \r\n<li> - Разрешение дисплея (пикс)  : 1280x720</li> \r\n<li> - Диагональ дисплея (дюйм)  : 4.3 </li>\r\n<li> - Сенсорный экран  : Есть </li>\r\n</ul>\r\n\r\n<h4>Система</h4>\r\n<ul>\r\n<li> - GPS-навигация  : Есть </li>\r\n<li> - Операционная система  : Android v2.3 </li>\r\n<li> - Частота проц. (МГц) : 1500 (Dual-core Qualcomm MSM8260 Snapdragon) </li>\r\n</ul>\r\n\r\n<h4>Мультимедиа</h4>\r\n<ul>\r\n<li> - Фотокамера : 12,1 Mпикс </li>\r\n<li> - Аудиоплеер : да </li>\r\n<li> - FM - радио : да </li>\r\n</ul>\r\n\r\n<h4>Корпус</h4>\r\n<ul>\r\n<li> - Тип корпуса : Классический </li>\r\n</ul>\r\n\r\n<h4>Память</h4>\r\n<ul>\r\n<li> - Встроенная память (Мб) : 32000</li>\r\n</ul>\r\n</div>', '1', '1', '1', '1', 26000, '2012-09-26', ''),
(27, 'Nokia 112 White', 'Ключевики', 'Описание', 'phone-index.jpg', 13, '<p>Футуристичный смартфон Sony Xperia S под управлением ОС Android 2.3 Gingerbread с возможностью обновления до версии 4.0 Ice Cream Sandwich – первый из серии Xperia NXT, линейки смартфонов нового поколения.</p> \r\n\r\n<p>В нем объединились новейшие технологии и лучшие разработки Sony, достойный функционал и минималистичный дизайн.</p>', '<p>Футуристичный смартфон Sony Xperia S под управлением ОС Android 2.3 Gingerbread с возможностью обновления до версии 4.0 Ice Cream Sandwich – первый из серии Xperia NXT, линейки смартфонов нового поколения. В нем объединились новейшие технологии и лучшие разработки Sony, достойный функционал и минималистичный дизайн.</p> \r\n\r\n<p>Высокая производительность. Мощный двухъядерный процессор 1,5 ГГц Qualcomm Snapdragon MSM8260 гарантирует быстродействие любых игр и приложений.\r\nПревосходное качество изображения. 4,3-дюймовый HD 1280*720p экран Reality Display с технологией Mobile BRAVIA Engine обеспечивает потрясающие впечатления от просмотра изображений и видео с высоким разрешением.</p>\r\n\r\n<p>Удобство подключения к другим устройствам. Беспроводная связь на малых расстояниях (NFC) позволяет легко обмениваться информацией с другими пользователями и открывает доступ к многочисленным NFC-приложениям и услугам. Xperia S можно подключить к телевизору посредством Wi-Fi, DLNA, HDMI, а также использовать BRAVIA Sync для управления смартфоном с пульта ДУ телевизора.</p>\r\n				\r\n				\r\n<div class="tech-harakt">\r\n					<h3>Технические характеристики</h3>\r\n\r\n<h4>Связь</h4>\r\n<ul>\r\n<li> - 3G  : Есть </li>\r\n<li> - EDGE  : Есть </li>\r\n<li> - Wi-Fi  : Есть (802.11 b/g/n)</li> \r\n</ul>\r\n\r\n<h4>Дисплей</h4>\r\n<ul>\r\n<li> - Тип дисплея  : TFT с LED подсветкой</li> \r\n<li> - Разрешение дисплея (пикс)  : 1280x720</li> \r\n<li> - Диагональ дисплея (дюйм)  : 4.3 </li>\r\n<li> - Сенсорный экран  : Есть </li>\r\n</ul>\r\n\r\n<h4>Система</h4>\r\n<ul>\r\n<li> - GPS-навигация  : Есть </li>\r\n<li> - Операционная система  : Android v2.3 </li>\r\n<li> - Частота проц. (МГц) : 1500 (Dual-core Qualcomm MSM8260 Snapdragon) </li>\r\n</ul>\r\n\r\n<h4>Мультимедиа</h4>\r\n<ul>\r\n<li> - Фотокамера : 12,1 Mпикс </li>\r\n<li> - Аудиоплеер : да </li>\r\n<li> - FM - радио : да </li>\r\n</ul>\r\n\r\n<h4>Корпус</h4>\r\n<ul>\r\n<li> - Тип корпуса : Классический </li>\r\n</ul>\r\n\r\n<h4>Память</h4>\r\n<ul>\r\n<li> - Встроенная память (Мб) : 32000</li>\r\n</ul>\r\n</div>', '1', '0', '0', '1', 27000, '2012-09-27', ''),
(18, 'Nokia E6-00 Black', 'Ключевики', 'Описание', 'phone-index.jpg', 14, '<p>Футуристичный смартфон Sony Xperia S под управлением ОС Android 2.3 Gingerbread с возможностью обновления до версии 4.0 Ice Cream Sandwich – первый из серии Xperia NXT, линейки смартфонов нового поколения.</p> \r\n\r\n<p>В нем объединились новейшие технологии и лучшие разработки Sony, достойный функционал и минималистичный дизайн.</p>', '<p>Футуристичный смартфон Sony Xperia S под управлением ОС Android 2.3 Gingerbread с возможностью обновления до версии 4.0 Ice Cream Sandwich – первый из серии Xperia NXT, линейки смартфонов нового поколения. В нем объединились новейшие технологии и лучшие разработки Sony, достойный функционал и минималистичный дизайн.</p> \r\n\r\n<p>Высокая производительность. Мощный двухъядерный процессор 1,5 ГГц Qualcomm Snapdragon MSM8260 гарантирует быстродействие любых игр и приложений.\r\nПревосходное качество изображения. 4,3-дюймовый HD 1280*720p экран Reality Display с технологией Mobile BRAVIA Engine обеспечивает потрясающие впечатления от просмотра изображений и видео с высоким разрешением.</p>\r\n\r\n<p>Удобство подключения к другим устройствам. Беспроводная связь на малых расстояниях (NFC) позволяет легко обмениваться информацией с другими пользователями и открывает доступ к многочисленным NFC-приложениям и услугам. Xperia S можно подключить к телевизору посредством Wi-Fi, DLNA, HDMI, а также использовать BRAVIA Sync для управления смартфоном с пульта ДУ телевизора.</p>\r\n				\r\n				\r\n<div class="tech-harakt">\r\n					<h3>Технические характеристики</h3>\r\n\r\n<h4>Связь</h4>\r\n<ul>\r\n<li> - 3G  : Есть </li>\r\n<li> - EDGE  : Есть </li>\r\n<li> - Wi-Fi  : Есть (802.11 b/g/n)</li> \r\n</ul>\r\n\r\n<h4>Дисплей</h4>\r\n<ul>\r\n<li> - Тип дисплея  : TFT с LED подсветкой</li> \r\n<li> - Разрешение дисплея (пикс)  : 1280x720</li> \r\n<li> - Диагональ дисплея (дюйм)  : 4.3 </li>\r\n<li> - Сенсорный экран  : Есть </li>\r\n</ul>\r\n\r\n<h4>Система</h4>\r\n<ul>\r\n<li> - GPS-навигация  : Есть </li>\r\n<li> - Операционная система  : Android v2.3 </li>\r\n<li> - Частота проц. (МГц) : 1500 (Dual-core Qualcomm MSM8260 Snapdragon) </li>\r\n</ul>\r\n\r\n<h4>Мультимедиа</h4>\r\n<ul>\r\n<li> - Фотокамера : 12,1 Mпикс </li>\r\n<li> - Аудиоплеер : да </li>\r\n<li> - FM - радио : да </li>\r\n</ul>\r\n\r\n<h4>Корпус</h4>\r\n<ul>\r\n<li> - Тип корпуса : Классический </li>\r\n</ul>\r\n\r\n<h4>Память</h4>\r\n<ul>\r\n<li> - Встроенная память (Мб) : 32000</li>\r\n</ul>\r\n</div>', '1', '1', '0', '0', 18000, '2012-09-18', ''),
(19, 'Nokia Asha 306 Dark Grey', 'Ключевики', 'Описание', 'phone-index.jpg', 14, '<p>Футуристичный смартфон Sony Xperia S под управлением ОС Android 2.3 Gingerbread с возможностью обновления до версии 4.0 Ice Cream Sandwich – первый из серии Xperia NXT, линейки смартфонов нового поколения.</p> \r\n\r\n<p>В нем объединились новейшие технологии и лучшие разработки Sony, достойный функционал и минималистичный дизайн.</p>', '<p>Футуристичный смартфон Sony Xperia S под управлением ОС Android 2.3 Gingerbread с возможностью обновления до версии 4.0 Ice Cream Sandwich – первый из серии Xperia NXT, линейки смартфонов нового поколения. В нем объединились новейшие технологии и лучшие разработки Sony, достойный функционал и минималистичный дизайн.</p> \r\n\r\n<p>Высокая производительность. Мощный двухъядерный процессор 1,5 ГГц Qualcomm Snapdragon MSM8260 гарантирует быстродействие любых игр и приложений.\r\nПревосходное качество изображения. 4,3-дюймовый HD 1280*720p экран Reality Display с технологией Mobile BRAVIA Engine обеспечивает потрясающие впечатления от просмотра изображений и видео с высоким разрешением.</p>\r\n\r\n<p>Удобство подключения к другим устройствам. Беспроводная связь на малых расстояниях (NFC) позволяет легко обмениваться информацией с другими пользователями и открывает доступ к многочисленным NFC-приложениям и услугам. Xperia S можно подключить к телевизору посредством Wi-Fi, DLNA, HDMI, а также использовать BRAVIA Sync для управления смартфоном с пульта ДУ телевизора.</p>\r\n				\r\n				\r\n<div class="tech-harakt">\r\n					<h3>Технические характеристики</h3>\r\n\r\n<h4>Связь</h4>\r\n<ul>\r\n<li> - 3G  : Есть </li>\r\n<li> - EDGE  : Есть </li>\r\n<li> - Wi-Fi  : Есть (802.11 b/g/n)</li> \r\n</ul>\r\n\r\n<h4>Дисплей</h4>\r\n<ul>\r\n<li> - Тип дисплея  : TFT с LED подсветкой</li> \r\n<li> - Разрешение дисплея (пикс)  : 1280x720</li> \r\n<li> - Диагональ дисплея (дюйм)  : 4.3 </li>\r\n<li> - Сенсорный экран  : Есть </li>\r\n</ul>\r\n\r\n<h4>Система</h4>\r\n<ul>\r\n<li> - GPS-навигация  : Есть </li>\r\n<li> - Операционная система  : Android v2.3 </li>\r\n<li> - Частота проц. (МГц) : 1500 (Dual-core Qualcomm MSM8260 Snapdragon) </li>\r\n</ul>\r\n\r\n<h4>Мультимедиа</h4>\r\n<ul>\r\n<li> - Фотокамера : 12,1 Mпикс </li>\r\n<li> - Аудиоплеер : да </li>\r\n<li> - FM - радио : да </li>\r\n</ul>\r\n\r\n<h4>Корпус</h4>\r\n<ul>\r\n<li> - Тип корпуса : Классический </li>\r\n</ul>\r\n\r\n<h4>Память</h4>\r\n<ul>\r\n<li> - Встроенная память (Мб) : 32000</li>\r\n</ul>\r\n</div>', '1', '1', '1', '0', 19000, '2012-09-19', '');
INSERT INTO `goods` (`goods_id`, `name`, `keywords`, `description`, `img`, `goods_brandid`, `anons`, `content`, `visible`, `hits`, `new`, `sale`, `price`, `date`, `img_slide`) VALUES
(20, 'Nokia X2-02 dark silver', 'Ключевики', 'Описание', 'phone-index.jpg', 13, '<p>Футуристичный смартфон Sony Xperia S под управлением ОС Android 2.3 Gingerbread с возможностью обновления до версии 4.0 Ice Cream Sandwich – первый из серии Xperia NXT, линейки смартфонов нового поколения.</p> \r\n\r\n<p>В нем объединились новейшие технологии и лучшие разработки Sony, достойный функционал и минималистичный дизайн.</p>', '<p>Футуристичный смартфон Sony Xperia S под управлением ОС Android 2.3 Gingerbread с возможностью обновления до версии 4.0 Ice Cream Sandwich – первый из серии Xperia NXT, линейки смартфонов нового поколения. В нем объединились новейшие технологии и лучшие разработки Sony, достойный функционал и минималистичный дизайн.</p> \r\n\r\n<p>Высокая производительность. Мощный двухъядерный процессор 1,5 ГГц Qualcomm Snapdragon MSM8260 гарантирует быстродействие любых игр и приложений.\r\nПревосходное качество изображения. 4,3-дюймовый HD 1280*720p экран Reality Display с технологией Mobile BRAVIA Engine обеспечивает потрясающие впечатления от просмотра изображений и видео с высоким разрешением.</p>\r\n\r\n<p>Удобство подключения к другим устройствам. Беспроводная связь на малых расстояниях (NFC) позволяет легко обмениваться информацией с другими пользователями и открывает доступ к многочисленным NFC-приложениям и услугам. Xperia S можно подключить к телевизору посредством Wi-Fi, DLNA, HDMI, а также использовать BRAVIA Sync для управления смартфоном с пульта ДУ телевизора.</p>\r\n				\r\n				\r\n<div class="tech-harakt">\r\n					<h3>Технические характеристики</h3>\r\n\r\n<h4>Связь</h4>\r\n<ul>\r\n<li> - 3G  : Есть </li>\r\n<li> - EDGE  : Есть </li>\r\n<li> - Wi-Fi  : Есть (802.11 b/g/n)</li> \r\n</ul>\r\n\r\n<h4>Дисплей</h4>\r\n<ul>\r\n<li> - Тип дисплея  : TFT с LED подсветкой</li> \r\n<li> - Разрешение дисплея (пикс)  : 1280x720</li> \r\n<li> - Диагональ дисплея (дюйм)  : 4.3 </li>\r\n<li> - Сенсорный экран  : Есть </li>\r\n</ul>\r\n\r\n<h4>Система</h4>\r\n<ul>\r\n<li> - GPS-навигация  : Есть </li>\r\n<li> - Операционная система  : Android v2.3 </li>\r\n<li> - Частота проц. (МГц) : 1500 (Dual-core Qualcomm MSM8260 Snapdragon) </li>\r\n</ul>\r\n\r\n<h4>Мультимедиа</h4>\r\n<ul>\r\n<li> - Фотокамера : 12,1 Mпикс </li>\r\n<li> - Аудиоплеер : да </li>\r\n<li> - FM - радио : да </li>\r\n</ul>\r\n\r\n<h4>Корпус</h4>\r\n<ul>\r\n<li> - Тип корпуса : Классический </li>\r\n</ul>\r\n\r\n<h4>Память</h4>\r\n<ul>\r\n<li> - Встроенная память (Мб) : 32000</li>\r\n</ul>\r\n</div>', '1', '0', '0', '0', 20000, '2012-09-20', ''),
(21, 'Nokia Asha 200 Graphite', 'Ключевики', 'Описание', 'phone-index.jpg', 14, '<p>Футуристичный смартфон Sony Xperia S под управлением ОС Android 2.3 Gingerbread с возможностью обновления до версии 4.0 Ice Cream Sandwich – первый из серии Xperia NXT, линейки смартфонов нового поколения.</p> \r\n\r\n<p>В нем объединились новейшие технологии и лучшие разработки Sony, достойный функционал и минималистичный дизайн.</p>', '<p>Футуристичный смартфон Sony Xperia S под управлением ОС Android 2.3 Gingerbread с возможностью обновления до версии 4.0 Ice Cream Sandwich – первый из серии Xperia NXT, линейки смартфонов нового поколения. В нем объединились новейшие технологии и лучшие разработки Sony, достойный функционал и минималистичный дизайн.</p> \r\n\r\n<p>Высокая производительность. Мощный двухъядерный процессор 1,5 ГГц Qualcomm Snapdragon MSM8260 гарантирует быстродействие любых игр и приложений.\r\nПревосходное качество изображения. 4,3-дюймовый HD 1280*720p экран Reality Display с технологией Mobile BRAVIA Engine обеспечивает потрясающие впечатления от просмотра изображений и видео с высоким разрешением.</p>\r\n\r\n<p>Удобство подключения к другим устройствам. Беспроводная связь на малых расстояниях (NFC) позволяет легко обмениваться информацией с другими пользователями и открывает доступ к многочисленным NFC-приложениям и услугам. Xperia S можно подключить к телевизору посредством Wi-Fi, DLNA, HDMI, а также использовать BRAVIA Sync для управления смартфоном с пульта ДУ телевизора.</p>\r\n				\r\n				\r\n<div class="tech-harakt">\r\n					<h3>Технические характеристики</h3>\r\n\r\n<h4>Связь</h4>\r\n<ul>\r\n<li> - 3G  : Есть </li>\r\n<li> - EDGE  : Есть </li>\r\n<li> - Wi-Fi  : Есть (802.11 b/g/n)</li> \r\n</ul>\r\n\r\n<h4>Дисплей</h4>\r\n<ul>\r\n<li> - Тип дисплея  : TFT с LED подсветкой</li> \r\n<li> - Разрешение дисплея (пикс)  : 1280x720</li> \r\n<li> - Диагональ дисплея (дюйм)  : 4.3 </li>\r\n<li> - Сенсорный экран  : Есть </li>\r\n</ul>\r\n\r\n<h4>Система</h4>\r\n<ul>\r\n<li> - GPS-навигация  : Есть </li>\r\n<li> - Операционная система  : Android v2.3 </li>\r\n<li> - Частота проц. (МГц) : 1500 (Dual-core Qualcomm MSM8260 Snapdragon) </li>\r\n</ul>\r\n\r\n<h4>Мультимедиа</h4>\r\n<ul>\r\n<li> - Фотокамера : 12,1 Mпикс </li>\r\n<li> - Аудиоплеер : да </li>\r\n<li> - FM - радио : да </li>\r\n</ul>\r\n\r\n<h4>Корпус</h4>\r\n<ul>\r\n<li> - Тип корпуса : Классический </li>\r\n</ul>\r\n\r\n<h4>Память</h4>\r\n<ul>\r\n<li> - Встроенная память (Мб) : 32000</li>\r\n</ul>\r\n</div>', '1', '0', '0', '0', 21000, '2012-09-21', ''),
(22, 'Nokia Asha 200 Perl white', 'Ключевики', 'Описание', 'phone-index.jpg', 14, '<p>Футуристичный смартфон Sony Xperia S под управлением ОС Android 2.3 Gingerbread с возможностью обновления до версии 4.0 Ice Cream Sandwich – первый из серии Xperia NXT, линейки смартфонов нового поколения.</p> \r\n\r\n<p>В нем объединились новейшие технологии и лучшие разработки Sony, достойный функционал и минималистичный дизайн.</p>', '<p>Футуристичный смартфон Sony Xperia S под управлением ОС Android 2.3 Gingerbread с возможностью обновления до версии 4.0 Ice Cream Sandwich – первый из серии Xperia NXT, линейки смартфонов нового поколения. В нем объединились новейшие технологии и лучшие разработки Sony, достойный функционал и минималистичный дизайн.</p> \r\n\r\n<p>Высокая производительность. Мощный двухъядерный процессор 1,5 ГГц Qualcomm Snapdragon MSM8260 гарантирует быстродействие любых игр и приложений.\r\nПревосходное качество изображения. 4,3-дюймовый HD 1280*720p экран Reality Display с технологией Mobile BRAVIA Engine обеспечивает потрясающие впечатления от просмотра изображений и видео с высоким разрешением.</p>\r\n\r\n<p>Удобство подключения к другим устройствам. Беспроводная связь на малых расстояниях (NFC) позволяет легко обмениваться информацией с другими пользователями и открывает доступ к многочисленным NFC-приложениям и услугам. Xperia S можно подключить к телевизору посредством Wi-Fi, DLNA, HDMI, а также использовать BRAVIA Sync для управления смартфоном с пульта ДУ телевизора.</p>\r\n				\r\n				\r\n<div class="tech-harakt">\r\n					<h3>Технические характеристики</h3>\r\n\r\n<h4>Связь</h4>\r\n<ul>\r\n<li> - 3G  : Есть </li>\r\n<li> - EDGE  : Есть </li>\r\n<li> - Wi-Fi  : Есть (802.11 b/g/n)</li> \r\n</ul>\r\n\r\n<h4>Дисплей</h4>\r\n<ul>\r\n<li> - Тип дисплея  : TFT с LED подсветкой</li> \r\n<li> - Разрешение дисплея (пикс)  : 1280x720</li> \r\n<li> - Диагональ дисплея (дюйм)  : 4.3 </li>\r\n<li> - Сенсорный экран  : Есть </li>\r\n</ul>\r\n\r\n<h4>Система</h4>\r\n<ul>\r\n<li> - GPS-навигация  : Есть </li>\r\n<li> - Операционная система  : Android v2.3 </li>\r\n<li> - Частота проц. (МГц) : 1500 (Dual-core Qualcomm MSM8260 Snapdragon) </li>\r\n</ul>\r\n\r\n<h4>Мультимедиа</h4>\r\n<ul>\r\n<li> - Фотокамера : 12,1 Mпикс </li>\r\n<li> - Аудиоплеер : да </li>\r\n<li> - FM - радио : да </li>\r\n</ul>\r\n\r\n<h4>Корпус</h4>\r\n<ul>\r\n<li> - Тип корпуса : Классический </li>\r\n</ul>\r\n\r\n<h4>Память</h4>\r\n<ul>\r\n<li> - Встроенная память (Мб) : 32000</li>\r\n</ul>\r\n</div>', '1', '0', '0', '0', 22000, '2012-09-22', ''),
(23, 'Nokia 6700c-1 chrome', 'Ключевики', 'Описание', 'phone-index.jpg', 14, '<p>Футуристичный смартфон Sony Xperia S под управлением ОС Android 2.3 Gingerbread с возможностью обновления до версии 4.0 Ice Cream Sandwich – первый из серии Xperia NXT, линейки смартфонов нового поколения.</p> \r\n\r\n<p>В нем объединились новейшие технологии и лучшие разработки Sony, достойный функционал и минималистичный дизайн.</p>', '<p>Футуристичный смартфон Sony Xperia S под управлением ОС Android 2.3 Gingerbread с возможностью обновления до версии 4.0 Ice Cream Sandwich – первый из серии Xperia NXT, линейки смартфонов нового поколения. В нем объединились новейшие технологии и лучшие разработки Sony, достойный функционал и минималистичный дизайн.</p> \r\n\r\n<p>Высокая производительность. Мощный двухъядерный процессор 1,5 ГГц Qualcomm Snapdragon MSM8260 гарантирует быстродействие любых игр и приложений.\r\nПревосходное качество изображения. 4,3-дюймовый HD 1280*720p экран Reality Display с технологией Mobile BRAVIA Engine обеспечивает потрясающие впечатления от просмотра изображений и видео с высоким разрешением.</p>\r\n\r\n<p>Удобство подключения к другим устройствам. Беспроводная связь на малых расстояниях (NFC) позволяет легко обмениваться информацией с другими пользователями и открывает доступ к многочисленным NFC-приложениям и услугам. Xperia S можно подключить к телевизору посредством Wi-Fi, DLNA, HDMI, а также использовать BRAVIA Sync для управления смартфоном с пульта ДУ телевизора.</p>\r\n				\r\n				\r\n<div class="tech-harakt">\r\n					<h3>Технические характеристики</h3>\r\n\r\n<h4>Связь</h4>\r\n<ul>\r\n<li> - 3G  : Есть </li>\r\n<li> - EDGE  : Есть </li>\r\n<li> - Wi-Fi  : Есть (802.11 b/g/n)</li> \r\n</ul>\r\n\r\n<h4>Дисплей</h4>\r\n<ul>\r\n<li> - Тип дисплея  : TFT с LED подсветкой</li> \r\n<li> - Разрешение дисплея (пикс)  : 1280x720</li> \r\n<li> - Диагональ дисплея (дюйм)  : 4.3 </li>\r\n<li> - Сенсорный экран  : Есть </li>\r\n</ul>\r\n\r\n<h4>Система</h4>\r\n<ul>\r\n<li> - GPS-навигация  : Есть </li>\r\n<li> - Операционная система  : Android v2.3 </li>\r\n<li> - Частота проц. (МГц) : 1500 (Dual-core Qualcomm MSM8260 Snapdragon) </li>\r\n</ul>\r\n\r\n<h4>Мультимедиа</h4>\r\n<ul>\r\n<li> - Фотокамера : 12,1 Mпикс </li>\r\n<li> - Аудиоплеер : да </li>\r\n<li> - FM - радио : да </li>\r\n</ul>\r\n\r\n<h4>Корпус</h4>\r\n<ul>\r\n<li> - Тип корпуса : Классический </li>\r\n</ul>\r\n\r\n<h4>Память</h4>\r\n<ul>\r\n<li> - Встроенная память (Мб) : 32000</li>\r\n</ul>\r\n</div>', '1', '0', '1', '1', 23000, '2012-09-23', ''),
(24, 'Nokia X2-03 ocean blue', 'Ключевики', 'Описание', 'phone-index.jpg', 13, '<p>Футуристичный смартфон Sony Xperia S под управлением ОС Android 2.3 Gingerbread с возможностью обновления до версии 4.0 Ice Cream Sandwich – первый из серии Xperia NXT, линейки смартфонов нового поколения.</p> \r\n\r\n<p>В нем объединились новейшие технологии и лучшие разработки Sony, достойный функционал и минималистичный дизайн.</p>', '<p>Футуристичный смартфон Sony Xperia S под управлением ОС Android 2.3 Gingerbread с возможностью обновления до версии 4.0 Ice Cream Sandwich – первый из серии Xperia NXT, линейки смартфонов нового поколения. В нем объединились новейшие технологии и лучшие разработки Sony, достойный функционал и минималистичный дизайн.</p> \r\n\r\n<p>Высокая производительность. Мощный двухъядерный процессор 1,5 ГГц Qualcomm Snapdragon MSM8260 гарантирует быстродействие любых игр и приложений.\r\nПревосходное качество изображения. 4,3-дюймовый HD 1280*720p экран Reality Display с технологией Mobile BRAVIA Engine обеспечивает потрясающие впечатления от просмотра изображений и видео с высоким разрешением.</p>\r\n\r\n<p>Удобство подключения к другим устройствам. Беспроводная связь на малых расстояниях (NFC) позволяет легко обмениваться информацией с другими пользователями и открывает доступ к многочисленным NFC-приложениям и услугам. Xperia S можно подключить к телевизору посредством Wi-Fi, DLNA, HDMI, а также использовать BRAVIA Sync для управления смартфоном с пульта ДУ телевизора.</p>\r\n				\r\n				\r\n<div class="tech-harakt">\r\n					<h3>Технические характеристики</h3>\r\n\r\n<h4>Связь</h4>\r\n<ul>\r\n<li> - 3G  : Есть </li>\r\n<li> - EDGE  : Есть </li>\r\n<li> - Wi-Fi  : Есть (802.11 b/g/n)</li> \r\n</ul>\r\n\r\n<h4>Дисплей</h4>\r\n<ul>\r\n<li> - Тип дисплея  : TFT с LED подсветкой</li> \r\n<li> - Разрешение дисплея (пикс)  : 1280x720</li> \r\n<li> - Диагональ дисплея (дюйм)  : 4.3 </li>\r\n<li> - Сенсорный экран  : Есть </li>\r\n</ul>\r\n\r\n<h4>Система</h4>\r\n<ul>\r\n<li> - GPS-навигация  : Есть </li>\r\n<li> - Операционная система  : Android v2.3 </li>\r\n<li> - Частота проц. (МГц) : 1500 (Dual-core Qualcomm MSM8260 Snapdragon) </li>\r\n</ul>\r\n\r\n<h4>Мультимедиа</h4>\r\n<ul>\r\n<li> - Фотокамера : 12,1 Mпикс </li>\r\n<li> - Аудиоплеер : да </li>\r\n<li> - FM - радио : да </li>\r\n</ul>\r\n\r\n<h4>Корпус</h4>\r\n<ul>\r\n<li> - Тип корпуса : Классический </li>\r\n</ul>\r\n\r\n<h4>Память</h4>\r\n<ul>\r\n<li> - Встроенная память (Мб) : 32000</li>\r\n</ul>\r\n</div>', '1', '0', '0', '0', 24000, '2012-09-24', ''),
(14, 'Nokia Lumia 800 Black', 'Ключевики', 'Описание', 'phone-index.jpg', 14, '<p>Футуристичный смартфон Sony Xperia S под управлением ОС Android 2.3 Gingerbread с возможностью обновления до версии 4.0 Ice Cream Sandwich – первый из серии Xperia NXT, линейки смартфонов нового поколения.</p> \r\n\r\n<p>В нем объединились новейшие технологии и лучшие разработки Sony, достойный функционал и минималистичный дизайн.</p>', '<p>Футуристичный смартфон Sony Xperia S под управлением ОС Android 2.3 Gingerbread с возможностью обновления до версии 4.0 Ice Cream Sandwich – первый из серии Xperia NXT, линейки смартфонов нового поколения. В нем объединились новейшие технологии и лучшие разработки Sony, достойный функционал и минималистичный дизайн.</p> \r\n\r\n<p>Высокая производительность. Мощный двухъядерный процессор 1,5 ГГц Qualcomm Snapdragon MSM8260 гарантирует быстродействие любых игр и приложений.\r\nПревосходное качество изображения. 4,3-дюймовый HD 1280*720p экран Reality Display с технологией Mobile BRAVIA Engine обеспечивает потрясающие впечатления от просмотра изображений и видео с высоким разрешением.</p>\r\n\r\n<p>Удобство подключения к другим устройствам. Беспроводная связь на малых расстояниях (NFC) позволяет легко обмениваться информацией с другими пользователями и открывает доступ к многочисленным NFC-приложениям и услугам. Xperia S можно подключить к телевизору посредством Wi-Fi, DLNA, HDMI, а также использовать BRAVIA Sync для управления смартфоном с пульта ДУ телевизора.</p>\r\n				\r\n				\r\n<div class="tech-harakt">\r\n					<h3>Технические характеристики</h3>\r\n\r\n<h4>Связь</h4>\r\n<ul>\r\n<li> - 3G  : Есть </li>\r\n<li> - EDGE  : Есть </li>\r\n<li> - Wi-Fi  : Есть (802.11 b/g/n)</li> \r\n</ul>\r\n\r\n<h4>Дисплей</h4>\r\n<ul>\r\n<li> - Тип дисплея  : TFT с LED подсветкой</li> \r\n<li> - Разрешение дисплея (пикс)  : 1280x720</li> \r\n<li> - Диагональ дисплея (дюйм)  : 4.3 </li>\r\n<li> - Сенсорный экран  : Есть </li>\r\n</ul>\r\n\r\n<h4>Система</h4>\r\n<ul>\r\n<li> - GPS-навигация  : Есть </li>\r\n<li> - Операционная система  : Android v2.3 </li>\r\n<li> - Частота проц. (МГц) : 1500 (Dual-core Qualcomm MSM8260 Snapdragon) </li>\r\n</ul>\r\n\r\n<h4>Мультимедиа</h4>\r\n<ul>\r\n<li> - Фотокамера : 12,1 Mпикс </li>\r\n<li> - Аудиоплеер : да </li>\r\n<li> - FM - радио : да </li>\r\n</ul>\r\n\r\n<h4>Корпус</h4>\r\n<ul>\r\n<li> - Тип корпуса : Классический </li>\r\n</ul>\r\n\r\n<h4>Память</h4>\r\n<ul>\r\n<li> - Встроенная память (Мб) : 32000</li>\r\n</ul>\r\n</div>', '1', '0', '0', '0', 13230, '2012-09-02', ''),
(15, 'Nokia Lumia 900 Black', 'Ключевики', 'Описание', 'phone-index.jpg', 14, '<p>Футуристичный смартфон Sony Xperia S под управлением ОС Android 2.3 Gingerbread с возможностью обновления до версии 4.0 Ice Cream Sandwich – первый из серии Xperia NXT, линейки смартфонов нового поколения.</p> \r\n\r\n<p>В нем объединились новейшие технологии и лучшие разработки Sony, достойный функционал и минималистичный дизайн.</p>', '<p>Футуристичный смартфон Sony Xperia S под управлением ОС Android 2.3 Gingerbread с возможностью обновления до версии 4.0 Ice Cream Sandwich – первый из серии Xperia NXT, линейки смартфонов нового поколения. В нем объединились новейшие технологии и лучшие разработки Sony, достойный функционал и минималистичный дизайн.</p> \r\n\r\n<p>Высокая производительность. Мощный двухъядерный процессор 1,5 ГГц Qualcomm Snapdragon MSM8260 гарантирует быстродействие любых игр и приложений.\r\nПревосходное качество изображения. 4,3-дюймовый HD 1280*720p экран Reality Display с технологией Mobile BRAVIA Engine обеспечивает потрясающие впечатления от просмотра изображений и видео с высоким разрешением.</p>\r\n\r\n<p>Удобство подключения к другим устройствам. Беспроводная связь на малых расстояниях (NFC) позволяет легко обмениваться информацией с другими пользователями и открывает доступ к многочисленным NFC-приложениям и услугам. Xperia S можно подключить к телевизору посредством Wi-Fi, DLNA, HDMI, а также использовать BRAVIA Sync для управления смартфоном с пульта ДУ телевизора.</p>\r\n				\r\n				\r\n<div class="tech-harakt">\r\n					<h3>Технические характеристики</h3>\r\n\r\n<h4>Связь</h4>\r\n<ul>\r\n<li> - 3G  : Есть </li>\r\n<li> - EDGE  : Есть </li>\r\n<li> - Wi-Fi  : Есть (802.11 b/g/n)</li> \r\n</ul>\r\n\r\n<h4>Дисплей</h4>\r\n<ul>\r\n<li> - Тип дисплея  : TFT с LED подсветкой</li> \r\n<li> - Разрешение дисплея (пикс)  : 1280x720</li> \r\n<li> - Диагональ дисплея (дюйм)  : 4.3 </li>\r\n<li> - Сенсорный экран  : Есть </li>\r\n</ul>\r\n\r\n<h4>Система</h4>\r\n<ul>\r\n<li> - GPS-навигация  : Есть </li>\r\n<li> - Операционная система  : Android v2.3 </li>\r\n<li> - Частота проц. (МГц) : 1500 (Dual-core Qualcomm MSM8260 Snapdragon) </li>\r\n</ul>\r\n\r\n<h4>Мультимедиа</h4>\r\n<ul>\r\n<li> - Фотокамера : 12,1 Mпикс </li>\r\n<li> - Аудиоплеер : да </li>\r\n<li> - FM - радио : да </li>\r\n</ul>\r\n\r\n<h4>Корпус</h4>\r\n<ul>\r\n<li> - Тип корпуса : Классический </li>\r\n</ul>\r\n\r\n<h4>Память</h4>\r\n<ul>\r\n<li> - Встроенная память (Мб) : 32000</li>\r\n</ul>\r\n</div>', '1', '0', '1', '0', 10000, '2012-09-02', ''),
(16, 'Nokia Lumia 900 White', 'Ключевики', 'Описание', 'phone-index.jpg', 14, '<p>Футуристичный смартфон Sony Xperia S под управлением ОС Android 2.3 Gingerbread с возможностью обновления до версии 4.0 Ice Cream Sandwich – первый из серии Xperia NXT, линейки смартфонов нового поколения.</p> \r\n\r\n<p>В нем объединились новейшие технологии и лучшие разработки Sony, достойный функционал и минималистичный дизайн.</p>', '<p>Футуристичный смартфон Sony Xperia S под управлением ОС Android 2.3 Gingerbread с возможностью обновления до версии 4.0 Ice Cream Sandwich – первый из серии Xperia NXT, линейки смартфонов нового поколения. В нем объединились новейшие технологии и лучшие разработки Sony, достойный функционал и минималистичный дизайн.</p> \r\n\r\n<p>Высокая производительность. Мощный двухъядерный процессор 1,5 ГГц Qualcomm Snapdragon MSM8260 гарантирует быстродействие любых игр и приложений.\r\nПревосходное качество изображения. 4,3-дюймовый HD 1280*720p экран Reality Display с технологией Mobile BRAVIA Engine обеспечивает потрясающие впечатления от просмотра изображений и видео с высоким разрешением.</p>\r\n\r\n<p>Удобство подключения к другим устройствам. Беспроводная связь на малых расстояниях (NFC) позволяет легко обмениваться информацией с другими пользователями и открывает доступ к многочисленным NFC-приложениям и услугам. Xperia S можно подключить к телевизору посредством Wi-Fi, DLNA, HDMI, а также использовать BRAVIA Sync для управления смартфоном с пульта ДУ телевизора.</p>\r\n				\r\n				\r\n<div class="tech-harakt">\r\n					<h3>Технические характеристики</h3>\r\n\r\n<h4>Связь</h4>\r\n<ul>\r\n<li> - 3G  : Есть </li>\r\n<li> - EDGE  : Есть </li>\r\n<li> - Wi-Fi  : Есть (802.11 b/g/n)</li> \r\n</ul>\r\n\r\n<h4>Дисплей</h4>\r\n<ul>\r\n<li> - Тип дисплея  : TFT с LED подсветкой</li> \r\n<li> - Разрешение дисплея (пикс)  : 1280x720</li> \r\n<li> - Диагональ дисплея (дюйм)  : 4.3 </li>\r\n<li> - Сенсорный экран  : Есть </li>\r\n</ul>\r\n\r\n<h4>Система</h4>\r\n<ul>\r\n<li> - GPS-навигация  : Есть </li>\r\n<li> - Операционная система  : Android v2.3 </li>\r\n<li> - Частота проц. (МГц) : 1500 (Dual-core Qualcomm MSM8260 Snapdragon) </li>\r\n</ul>\r\n\r\n<h4>Мультимедиа</h4>\r\n<ul>\r\n<li> - Фотокамера : 12,1 Mпикс </li>\r\n<li> - Аудиоплеер : да </li>\r\n<li> - FM - радио : да </li>\r\n</ul>\r\n\r\n<h4>Корпус</h4>\r\n<ul>\r\n<li> - Тип корпуса : Классический </li>\r\n</ul>\r\n\r\n<h4>Память</h4>\r\n<ul>\r\n<li> - Встроенная память (Мб) : 32000</li>\r\n</ul>\r\n</div>', '1', '1', '1', '1', 16000, '2012-09-16', ''),
(17, 'Nokia 500 Black (Purple/Red)', 'Ключевики', 'Описание', 'phone-index.jpg', 14, '<p>Футуристичный смартфон Sony Xperia S под управлением ОС Android 2.3 Gingerbread с возможностью обновления до версии 4.0 Ice Cream Sandwich – первый из серии Xperia NXT, линейки смартфонов нового поколения.</p> \r\n\r\n<p>В нем объединились новейшие технологии и лучшие разработки Sony, достойный функционал и минималистичный дизайн.</p>', '<p>Футуристичный смартфон Sony Xperia S под управлением ОС Android 2.3 Gingerbread с возможностью обновления до версии 4.0 Ice Cream Sandwich – первый из серии Xperia NXT, линейки смартфонов нового поколения. В нем объединились новейшие технологии и лучшие разработки Sony, достойный функционал и минималистичный дизайн.</p> \r\n\r\n<p>Высокая производительность. Мощный двухъядерный процессор 1,5 ГГц Qualcomm Snapdragon MSM8260 гарантирует быстродействие любых игр и приложений.\r\nПревосходное качество изображения. 4,3-дюймовый HD 1280*720p экран Reality Display с технологией Mobile BRAVIA Engine обеспечивает потрясающие впечатления от просмотра изображений и видео с высоким разрешением.</p>\r\n\r\n<p>Удобство подключения к другим устройствам. Беспроводная связь на малых расстояниях (NFC) позволяет легко обмениваться информацией с другими пользователями и открывает доступ к многочисленным NFC-приложениям и услугам. Xperia S можно подключить к телевизору посредством Wi-Fi, DLNA, HDMI, а также использовать BRAVIA Sync для управления смартфоном с пульта ДУ телевизора.</p>\r\n				\r\n				\r\n<div class="tech-harakt">\r\n					<h3>Технические характеристики</h3>\r\n\r\n<h4>Связь</h4>\r\n<ul>\r\n<li> - 3G  : Есть </li>\r\n<li> - EDGE  : Есть </li>\r\n<li> - Wi-Fi  : Есть (802.11 b/g/n)</li> \r\n</ul>\r\n\r\n<h4>Дисплей</h4>\r\n<ul>\r\n<li> - Тип дисплея  : TFT с LED подсветкой</li> \r\n<li> - Разрешение дисплея (пикс)  : 1280x720</li> \r\n<li> - Диагональ дисплея (дюйм)  : 4.3 </li>\r\n<li> - Сенсорный экран  : Есть </li>\r\n</ul>\r\n\r\n<h4>Система</h4>\r\n<ul>\r\n<li> - GPS-навигация  : Есть </li>\r\n<li> - Операционная система  : Android v2.3 </li>\r\n<li> - Частота проц. (МГц) : 1500 (Dual-core Qualcomm MSM8260 Snapdragon) </li>\r\n</ul>\r\n\r\n<h4>Мультимедиа</h4>\r\n<ul>\r\n<li> - Фотокамера : 12,1 Mпикс </li>\r\n<li> - Аудиоплеер : да </li>\r\n<li> - FM - радио : да </li>\r\n</ul>\r\n\r\n<h4>Корпус</h4>\r\n<ul>\r\n<li> - Тип корпуса : Классический </li>\r\n</ul>\r\n\r\n<h4>Память</h4>\r\n<ul>\r\n<li> - Встроенная память (Мб) : 32000</li>\r\n</ul>\r\n</div>', '1', '0', '0', '0', 17000, '2012-09-17', ''),
(13, 'Nokia C2-06 Lilac', 'Ключевики', 'Описание', 'phone-index.jpg', 13, '<p>Футуристичный смартфон Sony Xperia S под управлением ОС Android 2.3 Gingerbread с возможностью обновления до версии 4.0 Ice Cream Sandwich – первый из серии Xperia NXT, линейки смартфонов нового поколения.</p> \r\n\r\n<p>В нем объединились новейшие технологии и лучшие разработки Sony, достойный функционал и минималистичный дизайн.</p>', '<p>Футуристичный смартфон Sony Xperia S под управлением ОС Android 2.3 Gingerbread с возможностью обновления до версии 4.0 Ice Cream Sandwich – первый из серии Xperia NXT, линейки смартфонов нового поколения. В нем объединились новейшие технологии и лучшие разработки Sony, достойный функционал и минималистичный дизайн.</p> \r\n\r\n<p>Высокая производительность. Мощный двухъядерный процессор 1,5 ГГц Qualcomm Snapdragon MSM8260 гарантирует быстродействие любых игр и приложений.\r\nПревосходное качество изображения. 4,3-дюймовый HD 1280*720p экран Reality Display с технологией Mobile BRAVIA Engine обеспечивает потрясающие впечатления от просмотра изображений и видео с высоким разрешением.</p>\r\n\r\n<p>Удобство подключения к другим устройствам. Беспроводная связь на малых расстояниях (NFC) позволяет легко обмениваться информацией с другими пользователями и открывает доступ к многочисленным NFC-приложениям и услугам. Xperia S можно подключить к телевизору посредством Wi-Fi, DLNA, HDMI, а также использовать BRAVIA Sync для управления смартфоном с пульта ДУ телевизора.</p>\r\n				\r\n				\r\n<div class="tech-harakt">\r\n					<h3>Технические характеристики</h3>\r\n\r\n<h4>Связь</h4>\r\n<ul>\r\n<li> - 3G  : Есть </li>\r\n<li> - EDGE  : Есть </li>\r\n<li> - Wi-Fi  : Есть (802.11 b/g/n)</li> \r\n</ul>\r\n\r\n<h4>Дисплей</h4>\r\n<ul>\r\n<li> - Тип дисплея  : TFT с LED подсветкой</li> \r\n<li> - Разрешение дисплея (пикс)  : 1280x720</li> \r\n<li> - Диагональ дисплея (дюйм)  : 4.3 </li>\r\n<li> - Сенсорный экран  : Есть </li>\r\n</ul>\r\n\r\n<h4>Система</h4>\r\n<ul>\r\n<li> - GPS-навигация  : Есть </li>\r\n<li> - Операционная система  : Android v2.3 </li>\r\n<li> - Частота проц. (МГц) : 1500 (Dual-core Qualcomm MSM8260 Snapdragon) </li>\r\n</ul>\r\n\r\n<h4>Мультимедиа</h4>\r\n<ul>\r\n<li> - Фотокамера : 12,1 Mпикс </li>\r\n<li> - Аудиоплеер : да </li>\r\n<li> - FM - радио : да </li>\r\n</ul>\r\n\r\n<h4>Корпус</h4>\r\n<ul>\r\n<li> - Тип корпуса : Классический </li>\r\n</ul>\r\n\r\n<h4>Память</h4>\r\n<ul>\r\n<li> - Встроенная память (Мб) : 32000</li>\r\n</ul>\r\n</div>', '1', '1', '0', '0', 9400, '2012-09-02', ''),
(11, 'Nokia Lumia 610 Black', 'Ключевики', 'Описание', 'phone-index.jpg', 14, '<p>Футуристичный смартфон Sony Xperia S под управлением ОС Android 2.3 Gingerbread с возможностью обновления до версии 4.0 Ice Cream Sandwich – первый из серии Xperia NXT, линейки смартфонов нового поколения.</p> \r\n\r\n<p>В нем объединились новейшие технологии и лучшие разработки Sony, достойный функционал и минималистичный дизайн.</p>', '<p>Футуристичный смартфон Sony Xperia S под управлением ОС Android 2.3 Gingerbread с возможностью обновления до версии 4.0 Ice Cream Sandwich – первый из серии Xperia NXT, линейки смартфонов нового поколения. В нем объединились новейшие технологии и лучшие разработки Sony, достойный функционал и минималистичный дизайн.</p> \r\n\r\n<p>Высокая производительность. Мощный двухъядерный процессор 1,5 ГГц Qualcomm Snapdragon MSM8260 гарантирует быстродействие любых игр и приложений.\r\nПревосходное качество изображения. 4,3-дюймовый HD 1280*720p экран Reality Display с технологией Mobile BRAVIA Engine обеспечивает потрясающие впечатления от просмотра изображений и видео с высоким разрешением.</p>\r\n\r\n<p>Удобство подключения к другим устройствам. Беспроводная связь на малых расстояниях (NFC) позволяет легко обмениваться информацией с другими пользователями и открывает доступ к многочисленным NFC-приложениям и услугам. Xperia S можно подключить к телевизору посредством Wi-Fi, DLNA, HDMI, а также использовать BRAVIA Sync для управления смартфоном с пульта ДУ телевизора.</p>\r\n				\r\n				\r\n<div class="tech-harakt">\r\n					<h3>Технические характеристики</h3>\r\n\r\n<h4>Связь</h4>\r\n<ul>\r\n<li> - 3G  : Есть </li>\r\n<li> - EDGE  : Есть </li>\r\n<li> - Wi-Fi  : Есть (802.11 b/g/n)</li> \r\n</ul>\r\n\r\n<h4>Дисплей</h4>\r\n<ul>\r\n<li> - Тип дисплея  : TFT с LED подсветкой</li> \r\n<li> - Разрешение дисплея (пикс)  : 1280x720</li> \r\n<li> - Диагональ дисплея (дюйм)  : 4.3 </li>\r\n<li> - Сенсорный экран  : Есть </li>\r\n</ul>\r\n\r\n<h4>Система</h4>\r\n<ul>\r\n<li> - GPS-навигация  : Есть </li>\r\n<li> - Операционная система  : Android v2.3 </li>\r\n<li> - Частота проц. (МГц) : 1500 (Dual-core Qualcomm MSM8260 Snapdragon) </li>\r\n</ul>\r\n\r\n<h4>Мультимедиа</h4>\r\n<ul>\r\n<li> - Фотокамера : 12,1 Mпикс </li>\r\n<li> - Аудиоплеер : да </li>\r\n<li> - FM - радио : да </li>\r\n</ul>\r\n\r\n<h4>Корпус</h4>\r\n<ul>\r\n<li> - Тип корпуса : Классический </li>\r\n</ul>\r\n\r\n<h4>Память</h4>\r\n<ul>\r\n<li> - Встроенная память (Мб) : 32000</li>\r\n</ul>\r\n</div>', '1', '1', '0', '0', 6000, '2012-09-02', ''),
(12, 'Nokia Lumia 710 Black', 'Ключевики', 'Описание', 'phone-index.jpg', 14, '<p>Футуристичный смартфон Sony Xperia S под управлением ОС Android 2.3 Gingerbread с возможностью обновления до версии 4.0 Ice Cream Sandwich – первый из серии Xperia NXT, линейки смартфонов нового поколения.</p> \r\n\r\n<p>В нем объединились новейшие технологии и лучшие разработки Sony, достойный функционал и минималистичный дизайн.</p>', '<p>Футуристичный смартфон Sony Xperia S под управлением ОС Android 2.3 Gingerbread с возможностью обновления до версии 4.0 Ice Cream Sandwich – первый из серии Xperia NXT, линейки смартфонов нового поколения. В нем объединились новейшие технологии и лучшие разработки Sony, достойный функционал и минималистичный дизайн.</p> \r\n\r\n<p>Высокая производительность. Мощный двухъядерный процессор 1,5 ГГц Qualcomm Snapdragon MSM8260 гарантирует быстродействие любых игр и приложений.\r\nПревосходное качество изображения. 4,3-дюймовый HD 1280*720p экран Reality Display с технологией Mobile BRAVIA Engine обеспечивает потрясающие впечатления от просмотра изображений и видео с высоким разрешением.</p>\r\n\r\n<p>Удобство подключения к другим устройствам. Беспроводная связь на малых расстояниях (NFC) позволяет легко обмениваться информацией с другими пользователями и открывает доступ к многочисленным NFC-приложениям и услугам. Xperia S можно подключить к телевизору посредством Wi-Fi, DLNA, HDMI, а также использовать BRAVIA Sync для управления смартфоном с пульта ДУ телевизора.</p>\r\n				\r\n				\r\n<div class="tech-harakt">\r\n					<h3>Технические характеристики</h3>\r\n\r\n<h4>Связь</h4>\r\n<ul>\r\n<li> - 3G  : Есть </li>\r\n<li> - EDGE  : Есть </li>\r\n<li> - Wi-Fi  : Есть (802.11 b/g/n)</li> \r\n</ul>\r\n\r\n<h4>Дисплей</h4>\r\n<ul>\r\n<li> - Тип дисплея  : TFT с LED подсветкой</li> \r\n<li> - Разрешение дисплея (пикс)  : 1280x720</li> \r\n<li> - Диагональ дисплея (дюйм)  : 4.3 </li>\r\n<li> - Сенсорный экран  : Есть </li>\r\n</ul>\r\n\r\n<h4>Система</h4>\r\n<ul>\r\n<li> - GPS-навигация  : Есть </li>\r\n<li> - Операционная система  : Android v2.3 </li>\r\n<li> - Частота проц. (МГц) : 1500 (Dual-core Qualcomm MSM8260 Snapdragon) </li>\r\n</ul>\r\n\r\n<h4>Мультимедиа</h4>\r\n<ul>\r\n<li> - Фотокамера : 12,1 Mпикс </li>\r\n<li> - Аудиоплеер : да </li>\r\n<li> - FM - радио : да </li>\r\n</ul>\r\n\r\n<h4>Корпус</h4>\r\n<ul>\r\n<li> - Тип корпуса : Классический </li>\r\n</ul>\r\n\r\n<h4>Память</h4>\r\n<ul>\r\n<li> - Встроенная память (Мб) : 32000</li>\r\n</ul>\r\n</div>', '1', '1', '1', '1', 15650, '2012-09-02', ''),
(10, 'Sony Xperia P LT22i Silver', 'Ключевики', 'Описание', 'phone-index.jpg', 2, '<p>\r\n	Футуристичный смартфон Sony Xperia S под управлением ОС Android 2.3 Gingerbread с возможностью обновления до версии 4.0 Ice Cream Sandwich &ndash; первый из серии Xperia NXT, линейки смартфонов нового поколения.</p>\r\n<p>\r\n	В нем объединились новейшие технологии и лучшие разработки Sony, достойный функционал и минималистичный дизайн.</p>', '<p>\r\n	Футуристичный смартфон Sony Xperia S под управлением ОС Android 2.3 Gingerbread с возможностью обновления до версии 4.0 Ice Cream Sandwich &ndash; первый из серии Xperia NXT, линейки смартфонов нового поколения. В нем объединились новейшие технологии и лучшие разработки Sony, достойный функционал и минималистичный дизайн.</p>\r\n<p>\r\n	Высокая производительность. Мощный двухъядерный процессор 1,5 ГГц Qualcomm Snapdragon MSM8260 гарантирует быстродействие любых игр и приложений. Превосходное качество изображения. 4,3-дюймовый HD 1280*720p экран Reality Display с технологией Mobile BRAVIA Engine обеспечивает потрясающие впечатления от просмотра изображений и видео с высоким разрешением.</p>\r\n<p>\r\n	Удобство подключения к другим устройствам. Беспроводная связь на малых расстояниях (NFC) позволяет легко обмениваться информацией с другими пользователями и открывает доступ к многочисленным NFC-приложениям и услугам. Xperia S можно подключить к телевизору посредством Wi-Fi, DLNA, HDMI, а также использовать BRAVIA Sync для управления смартфоном с пульта ДУ телевизора.</p>\r\n<div class="tech-harakt">\r\n	<h3>\r\n		Технические характеристики</h3>\r\n	<h4>\r\n		Связь</h4>\r\n	<ul>\r\n		<li>\r\n			- 3G : Есть</li>\r\n		<li>\r\n			- EDGE : Есть</li>\r\n		<li>\r\n			- Wi-Fi : Есть (802.11 b/g/n)</li>\r\n	</ul>\r\n	<h4>\r\n		Дисплей</h4>\r\n	<ul>\r\n		<li>\r\n			- Тип дисплея : TFT с LED подсветкой</li>\r\n		<li>\r\n			- Разрешение дисплея (пикс) : 1280x720</li>\r\n		<li>\r\n			- Диагональ дисплея (дюйм) : 4.3</li>\r\n		<li>\r\n			- Сенсорный экран : Есть</li>\r\n	</ul>\r\n	<h4>\r\n		Система</h4>\r\n	<ul>\r\n		<li>\r\n			- GPS-навигация : Есть</li>\r\n		<li>\r\n			- Операционная система : Android v2.3</li>\r\n		<li>\r\n			- Частота проц. (МГц) : 1500 (Dual-core Qualcomm MSM8260 Snapdragon)</li>\r\n	</ul>\r\n	<h4>\r\n		Мультимедиа</h4>\r\n	<ul>\r\n		<li>\r\n			- Фотокамера : 12,1 Mпикс</li>\r\n		<li>\r\n			- Аудиоплеер : да</li>\r\n		<li>\r\n			- FM - радио : да</li>\r\n	</ul>\r\n	<h4>\r\n		Корпус</h4>\r\n	<ul>\r\n		<li>\r\n			- Тип корпуса : Классический</li>\r\n	</ul>\r\n	<h4>\r\n		Память</h4>\r\n	<ul>\r\n		<li>\r\n			- Встроенная память (Мб) : 32000</li>\r\n	</ul>\r\n</div>', '1', '1', '0', '0', 21000, '2012-09-02', '2_2.jpg|2_3.jpg');
INSERT INTO `goods` (`goods_id`, `name`, `keywords`, `description`, `img`, `goods_brandid`, `anons`, `content`, `visible`, `hits`, `new`, `sale`, `price`, `date`, `img_slide`) VALUES
(8, 'Sony XperiaTipo Dual ST21i2 Black', 'Ключевики', 'Описание', 'phone-index.jpg', 2, '<p>Футуристичный смартфон Sony Xperia S под управлением ОС Android 2.3 Gingerbread с возможностью обновления до версии 4.0 Ice Cream Sandwich – первый из серии Xperia NXT, линейки смартфонов нового поколения.</p> \r\n\r\n<p>В нем объединились новейшие технологии и лучшие разработки Sony, достойный функционал и минималистичный дизайн.</p>', '<p>Футуристичный смартфон Sony Xperia S под управлением ОС Android 2.3 Gingerbread с возможностью обновления до версии 4.0 Ice Cream Sandwich – первый из серии Xperia NXT, линейки смартфонов нового поколения. В нем объединились новейшие технологии и лучшие разработки Sony, достойный функционал и минималистичный дизайн.</p> \r\n\r\n<p>Высокая производительность. Мощный двухъядерный процессор 1,5 ГГц Qualcomm Snapdragon MSM8260 гарантирует быстродействие любых игр и приложений.\r\nПревосходное качество изображения. 4,3-дюймовый HD 1280*720p экран Reality Display с технологией Mobile BRAVIA Engine обеспечивает потрясающие впечатления от просмотра изображений и видео с высоким разрешением.</p>\r\n\r\n<p>Удобство подключения к другим устройствам. Беспроводная связь на малых расстояниях (NFC) позволяет легко обмениваться информацией с другими пользователями и открывает доступ к многочисленным NFC-приложениям и услугам. Xperia S можно подключить к телевизору посредством Wi-Fi, DLNA, HDMI, а также использовать BRAVIA Sync для управления смартфоном с пульта ДУ телевизора.</p>\r\n				\r\n				\r\n<div class="tech-harakt">\r\n					<h3>Технические характеристики</h3>\r\n\r\n<h4>Связь</h4>\r\n<ul>\r\n<li> - 3G  : Есть </li>\r\n<li> - EDGE  : Есть </li>\r\n<li> - Wi-Fi  : Есть (802.11 b/g/n)</li> \r\n</ul>\r\n\r\n<h4>Дисплей</h4>\r\n<ul>\r\n<li> - Тип дисплея  : TFT с LED подсветкой</li> \r\n<li> - Разрешение дисплея (пикс)  : 1280x720</li> \r\n<li> - Диагональ дисплея (дюйм)  : 4.3 </li>\r\n<li> - Сенсорный экран  : Есть </li>\r\n</ul>\r\n\r\n<h4>Система</h4>\r\n<ul>\r\n<li> - GPS-навигация  : Есть </li>\r\n<li> - Операционная система  : Android v2.3 </li>\r\n<li> - Частота проц. (МГц) : 1500 (Dual-core Qualcomm MSM8260 Snapdragon) </li>\r\n</ul>\r\n\r\n<h4>Мультимедиа</h4>\r\n<ul>\r\n<li> - Фотокамера : 12,1 Mпикс </li>\r\n<li> - Аудиоплеер : да </li>\r\n<li> - FM - радио : да </li>\r\n</ul>\r\n\r\n<h4>Корпус</h4>\r\n<ul>\r\n<li> - Тип корпуса : Классический </li>\r\n</ul>\r\n\r\n<h4>Память</h4>\r\n<ul>\r\n<li> - Встроенная память (Мб) : 32000</li>\r\n</ul>\r\n</div>', '1', '0', '0', '0', 9000, '2012-09-02', ''),
(9, 'LG Fantasy E740', 'Ключевики', 'Описание', 'phone-index.jpg', 4, '<p>Футуристичный смартфон Sony Xperia S под управлением ОС Android 2.3 Gingerbread с возможностью обновления до версии 4.0 Ice Cream Sandwich – первый из серии Xperia NXT, линейки смартфонов нового поколения.</p> \r\n\r\n<p>В нем объединились новейшие технологии и лучшие разработки Sony, достойный функционал и минималистичный дизайн.</p>', '<p>Футуристичный смартфон Sony Xperia S под управлением ОС Android 2.3 Gingerbread с возможностью обновления до версии 4.0 Ice Cream Sandwich – первый из серии Xperia NXT, линейки смартфонов нового поколения. В нем объединились новейшие технологии и лучшие разработки Sony, достойный функционал и минималистичный дизайн.</p> \r\n\r\n<p>Высокая производительность. Мощный двухъядерный процессор 1,5 ГГц Qualcomm Snapdragon MSM8260 гарантирует быстродействие любых игр и приложений.\r\nПревосходное качество изображения. 4,3-дюймовый HD 1280*720p экран Reality Display с технологией Mobile BRAVIA Engine обеспечивает потрясающие впечатления от просмотра изображений и видео с высоким разрешением.</p>\r\n\r\n<p>Удобство подключения к другим устройствам. Беспроводная связь на малых расстояниях (NFC) позволяет легко обмениваться информацией с другими пользователями и открывает доступ к многочисленным NFC-приложениям и услугам. Xperia S можно подключить к телевизору посредством Wi-Fi, DLNA, HDMI, а также использовать BRAVIA Sync для управления смартфоном с пульта ДУ телевизора.</p>\r\n				\r\n				\r\n<div class="tech-harakt">\r\n					<h3>Технические характеристики</h3>\r\n\r\n<h4>Связь</h4>\r\n<ul>\r\n<li> - 3G  : Есть </li>\r\n<li> - EDGE  : Есть </li>\r\n<li> - Wi-Fi  : Есть (802.11 b/g/n)</li> \r\n</ul>\r\n\r\n<h4>Дисплей</h4>\r\n<ul>\r\n<li> - Тип дисплея  : TFT с LED подсветкой</li> \r\n<li> - Разрешение дисплея (пикс)  : 1280x720</li> \r\n<li> - Диагональ дисплея (дюйм)  : 4.3 </li>\r\n<li> - Сенсорный экран  : Есть </li>\r\n</ul>\r\n\r\n<h4>Система</h4>\r\n<ul>\r\n<li> - GPS-навигация  : Есть </li>\r\n<li> - Операционная система  : Android v2.3 </li>\r\n<li> - Частота проц. (МГц) : 1500 (Dual-core Qualcomm MSM8260 Snapdragon) </li>\r\n</ul>\r\n\r\n<h4>Мультимедиа</h4>\r\n<ul>\r\n<li> - Фотокамера : 12,1 Mпикс </li>\r\n<li> - Аудиоплеер : да </li>\r\n<li> - FM - радио : да </li>\r\n</ul>\r\n\r\n<h4>Корпус</h4>\r\n<ul>\r\n<li> - Тип корпуса : Классический </li>\r\n</ul>\r\n\r\n<h4>Память</h4>\r\n<ul>\r\n<li> - Встроенная память (Мб) : 32000</li>\r\n</ul>\r\n</div>', '1', '0', '0', '0', 7500, '2012-09-02', ''),
(7, 'LG Optimus 4X HD P880', 'Ключевики', 'Описание', 'phone-index.jpg', 4, '<p>Футуристичный смартфон Sony Xperia S под управлением ОС Android 2.3 Gingerbread с возможностью обновления до версии 4.0 Ice Cream Sandwich – первый из серии Xperia NXT, линейки смартфонов нового поколения.</p> \r\n\r\n<p>В нем объединились новейшие технологии и лучшие разработки Sony, достойный функционал и минималистичный дизайн.</p>', '<p>Футуристичный смартфон Sony Xperia S под управлением ОС Android 2.3 Gingerbread с возможностью обновления до версии 4.0 Ice Cream Sandwich – первый из серии Xperia NXT, линейки смартфонов нового поколения. В нем объединились новейшие технологии и лучшие разработки Sony, достойный функционал и минималистичный дизайн.</p> \r\n\r\n<p>Высокая производительность. Мощный двухъядерный процессор 1,5 ГГц Qualcomm Snapdragon MSM8260 гарантирует быстродействие любых игр и приложений.\r\nПревосходное качество изображения. 4,3-дюймовый HD 1280*720p экран Reality Display с технологией Mobile BRAVIA Engine обеспечивает потрясающие впечатления от просмотра изображений и видео с высоким разрешением.</p>\r\n\r\n<p>Удобство подключения к другим устройствам. Беспроводная связь на малых расстояниях (NFC) позволяет легко обмениваться информацией с другими пользователями и открывает доступ к многочисленным NFC-приложениям и услугам. Xperia S можно подключить к телевизору посредством Wi-Fi, DLNA, HDMI, а также использовать BRAVIA Sync для управления смартфоном с пульта ДУ телевизора.</p>\r\n				\r\n				\r\n<div class="tech-harakt">\r\n					<h3>Технические характеристики</h3>\r\n\r\n<h4>Связь</h4>\r\n<ul>\r\n<li> - 3G  : Есть </li>\r\n<li> - EDGE  : Есть </li>\r\n<li> - Wi-Fi  : Есть (802.11 b/g/n)</li> \r\n</ul>\r\n\r\n<h4>Дисплей</h4>\r\n<ul>\r\n<li> - Тип дисплея  : TFT с LED подсветкой</li> \r\n<li> - Разрешение дисплея (пикс)  : 1280x720</li> \r\n<li> - Диагональ дисплея (дюйм)  : 4.3 </li>\r\n<li> - Сенсорный экран  : Есть </li>\r\n</ul>\r\n\r\n<h4>Система</h4>\r\n<ul>\r\n<li> - GPS-навигация  : Есть </li>\r\n<li> - Операционная система  : Android v2.3 </li>\r\n<li> - Частота проц. (МГц) : 1500 (Dual-core Qualcomm MSM8260 Snapdragon) </li>\r\n</ul>\r\n\r\n<h4>Мультимедиа</h4>\r\n<ul>\r\n<li> - Фотокамера : 12,1 Mпикс </li>\r\n<li> - Аудиоплеер : да </li>\r\n<li> - FM - радио : да </li>\r\n</ul>\r\n\r\n<h4>Корпус</h4>\r\n<ul>\r\n<li> - Тип корпуса : Классический </li>\r\n</ul>\r\n\r\n<h4>Память</h4>\r\n<ul>\r\n<li> - Встроенная память (Мб) : 32000</li>\r\n</ul>\r\n</div>', '1', '0', '0', '0', 17000, '2012-09-02', ''),
(6, 'Sony Xperia 32Gb (золотой)', 'Ключевики', 'Описание', 'phone-index.jpg', 2, '<p>Футуристичный смартфон Sony Xperia S под управлением ОС Android 2.3 Gingerbread с возможностью обновления до версии 4.0 Ice Cream Sandwich – первый из серии Xperia NXT, линейки смартфонов нового поколения.</p> \r\n\r\n<p>В нем объединились новейшие технологии и лучшие разработки Sony, достойный функционал и минималистичный дизайн.</p>', '<p>Футуристичный смартфон Sony Xperia S под управлением ОС Android 2.3 Gingerbread с возможностью обновления до версии 4.0 Ice Cream Sandwich – первый из серии Xperia NXT, линейки смартфонов нового поколения. В нем объединились новейшие технологии и лучшие разработки Sony, достойный функционал и минималистичный дизайн.</p> \r\n\r\n<p>Высокая производительность. Мощный двухъядерный процессор 1,5 ГГц Qualcomm Snapdragon MSM8260 гарантирует быстродействие любых игр и приложений.\r\nПревосходное качество изображения. 4,3-дюймовый HD 1280*720p экран Reality Display с технологией Mobile BRAVIA Engine обеспечивает потрясающие впечатления от просмотра изображений и видео с высоким разрешением.</p>\r\n\r\n<p>Удобство подключения к другим устройствам. Беспроводная связь на малых расстояниях (NFC) позволяет легко обмениваться информацией с другими пользователями и открывает доступ к многочисленным NFC-приложениям и услугам. Xperia S можно подключить к телевизору посредством Wi-Fi, DLNA, HDMI, а также использовать BRAVIA Sync для управления смартфоном с пульта ДУ телевизора.</p>\r\n				\r\n				\r\n<div class="tech-harakt">\r\n					<h3>Технические характеристики</h3>\r\n\r\n<h4>Связь</h4>\r\n<ul>\r\n<li> - 3G  : Есть </li>\r\n<li> - EDGE  : Есть </li>\r\n<li> - Wi-Fi  : Есть (802.11 b/g/n)</li> \r\n</ul>\r\n\r\n<h4>Дисплей</h4>\r\n<ul>\r\n<li> - Тип дисплея  : TFT с LED подсветкой</li> \r\n<li> - Разрешение дисплея (пикс)  : 1280x720</li> \r\n<li> - Диагональ дисплея (дюйм)  : 4.3 </li>\r\n<li> - Сенсорный экран  : Есть </li>\r\n</ul>\r\n\r\n<h4>Система</h4>\r\n<ul>\r\n<li> - GPS-навигация  : Есть </li>\r\n<li> - Операционная система  : Android v2.3 </li>\r\n<li> - Частота проц. (МГц) : 1500 (Dual-core Qualcomm MSM8260 Snapdragon) </li>\r\n</ul>\r\n\r\n<h4>Мультимедиа</h4>\r\n<ul>\r\n<li> - Фотокамера : 12,1 Mпикс </li>\r\n<li> - Аудиоплеер : да </li>\r\n<li> - FM - радио : да </li>\r\n</ul>\r\n\r\n<h4>Корпус</h4>\r\n<ul>\r\n<li> - Тип корпуса : Классический </li>\r\n</ul>\r\n\r\n<h4>Память</h4>\r\n<ul>\r\n<li> - Встроенная память (Мб) : 32000</li>\r\n</ul>\r\n</div>', '0', '0', '0', '0', 20000, '2012-09-02', ''),
(5, 'LG P920 Optimus 3D', 'Ключевики', 'Описание', 'phone-index.jpg', 7, '<p>Футуристичный смартфон Sony Xperia S под управлением ОС Android 2.3 Gingerbread с возможностью обновления до версии 4.0 Ice Cream Sandwich – первый из серии Xperia NXT, линейки смартфонов нового поколения.</p> \r\n\r\n<p>В нем объединились новейшие технологии и лучшие разработки Sony, достойный функционал и минималистичный дизайн.</p>', '<p>Футуристичный смартфон Sony Xperia S под управлением ОС Android 2.3 Gingerbread с возможностью обновления до версии 4.0 Ice Cream Sandwich – первый из серии Xperia NXT, линейки смартфонов нового поколения. В нем объединились новейшие технологии и лучшие разработки Sony, достойный функционал и минималистичный дизайн.</p> \r\n\r\n<p>Высокая производительность. Мощный двухъядерный процессор 1,5 ГГц Qualcomm Snapdragon MSM8260 гарантирует быстродействие любых игр и приложений.\r\nПревосходное качество изображения. 4,3-дюймовый HD 1280*720p экран Reality Display с технологией Mobile BRAVIA Engine обеспечивает потрясающие впечатления от просмотра изображений и видео с высоким разрешением.</p>\r\n\r\n<p>Удобство подключения к другим устройствам. Беспроводная связь на малых расстояниях (NFC) позволяет легко обмениваться информацией с другими пользователями и открывает доступ к многочисленным NFC-приложениям и услугам. Xperia S можно подключить к телевизору посредством Wi-Fi, DLNA, HDMI, а также использовать BRAVIA Sync для управления смартфоном с пульта ДУ телевизора.</p>\r\n				\r\n				\r\n<div class="tech-harakt">\r\n					<h3>Технические характеристики</h3>\r\n\r\n<h4>Связь</h4>\r\n<ul>\r\n<li> - 3G  : Есть </li>\r\n<li> - EDGE  : Есть </li>\r\n<li> - Wi-Fi  : Есть (802.11 b/g/n)</li> \r\n</ul>\r\n\r\n<h4>Дисплей</h4>\r\n<ul>\r\n<li> - Тип дисплея  : TFT с LED подсветкой</li> \r\n<li> - Разрешение дисплея (пикс)  : 1280x720</li> \r\n<li> - Диагональ дисплея (дюйм)  : 4.3 </li>\r\n<li> - Сенсорный экран  : Есть </li>\r\n</ul>\r\n\r\n<h4>Система</h4>\r\n<ul>\r\n<li> - GPS-навигация  : Есть </li>\r\n<li> - Операционная система  : Android v2.3 </li>\r\n<li> - Частота проц. (МГц) : 1500 (Dual-core Qualcomm MSM8260 Snapdragon) </li>\r\n</ul>\r\n\r\n<h4>Мультимедиа</h4>\r\n<ul>\r\n<li> - Фотокамера : 12,1 Mпикс </li>\r\n<li> - Аудиоплеер : да </li>\r\n<li> - FM - радио : да </li>\r\n</ul>\r\n\r\n<h4>Корпус</h4>\r\n<ul>\r\n<li> - Тип корпуса : Классический </li>\r\n</ul>\r\n\r\n<h4>Память</h4>\r\n<ul>\r\n<li> - Встроенная память (Мб) : 32000</li>\r\n</ul>\r\n</div>', '1', '0', '0', '0', 15000, '2012-09-02', ''),
(4, 'LG Optimus L5 E612 Black', 'Ключевики', 'Описание', 'no_image.jpg', 7, '<p>Футуристичный смартфон Sony Xperia S под управлением ОС Android 2.3 Gingerbread с возможностью обновления до версии 4.0 Ice Cream Sandwich – первый из серии Xperia NXT, линейки смартфонов нового поколения.</p> \r\n\r\n<p>В нем объединились новейшие технологии и лучшие разработки Sony, достойный функционал и минималистичный дизайн.</p>', '<p>Футуристичный смартфон Sony Xperia S под управлением ОС Android 2.3 Gingerbread с возможностью обновления до версии 4.0 Ice Cream Sandwich – первый из серии Xperia NXT, линейки смартфонов нового поколения. В нем объединились новейшие технологии и лучшие разработки Sony, достойный функционал и минималистичный дизайн.</p> \r\n\r\n<p>Высокая производительность. Мощный двухъядерный процессор 1,5 ГГц Qualcomm Snapdragon MSM8260 гарантирует быстродействие любых игр и приложений.\r\nПревосходное качество изображения. 4,3-дюймовый HD 1280*720p экран Reality Display с технологией Mobile BRAVIA Engine обеспечивает потрясающие впечатления от просмотра изображений и видео с высоким разрешением.</p>\r\n\r\n<p>Удобство подключения к другим устройствам. Беспроводная связь на малых расстояниях (NFC) позволяет легко обмениваться информацией с другими пользователями и открывает доступ к многочисленным NFC-приложениям и услугам. Xperia S можно подключить к телевизору посредством Wi-Fi, DLNA, HDMI, а также использовать BRAVIA Sync для управления смартфоном с пульта ДУ телевизора.</p>\r\n				\r\n				\r\n<div class="tech-harakt">\r\n					<h3>Технические характеристики</h3>\r\n\r\n<h4>Связь</h4>\r\n<ul>\r\n<li> - 3G  : Есть </li>\r\n<li> - EDGE  : Есть </li>\r\n<li> - Wi-Fi  : Есть (802.11 b/g/n)</li> \r\n</ul>\r\n\r\n<h4>Дисплей</h4>\r\n<ul>\r\n<li> - Тип дисплея  : TFT с LED подсветкой</li> \r\n<li> - Разрешение дисплея (пикс)  : 1280x720</li> \r\n<li> - Диагональ дисплея (дюйм)  : 4.3 </li>\r\n<li> - Сенсорный экран  : Есть </li>\r\n</ul>\r\n\r\n<h4>Система</h4>\r\n<ul>\r\n<li> - GPS-навигация  : Есть </li>\r\n<li> - Операционная система  : Android v2.3 </li>\r\n<li> - Частота проц. (МГц) : 1500 (Dual-core Qualcomm MSM8260 Snapdragon) </li>\r\n</ul>\r\n\r\n<h4>Мультимедиа</h4>\r\n<ul>\r\n<li> - Фотокамера : 12,1 Mпикс </li>\r\n<li> - Аудиоплеер : да </li>\r\n<li> - FM - радио : да </li>\r\n</ul>\r\n\r\n<h4>Корпус</h4>\r\n<ul>\r\n<li> - Тип корпуса : Классический </li>\r\n</ul>\r\n\r\n<h4>Память</h4>\r\n<ul>\r\n<li> - Встроенная память (Мб) : 32000</li>\r\n</ul>\r\n</div>', '1', '0', '1', '0', 13100, '2012-09-02', ''),
(3, 'LG Optimus L5 dual sim E615 White', 'Ключевики', 'Описание', 'no_image.jpg', 7, '<p>Футуристичный смартфон Sony Xperia S под управлением ОС Android 2.3 Gingerbread с возможностью обновления до версии 4.0 Ice Cream Sandwich – первый из серии Xperia NXT, линейки смартфонов нового поколения.</p> \r\n\r\n<p>В нем объединились новейшие технологии и лучшие разработки Sony, достойный функционал и минималистичный дизайн.</p>', '<p>Футуристичный смартфон Sony Xperia S под управлением ОС Android 2.3 Gingerbread с возможностью обновления до версии 4.0 Ice Cream Sandwich – первый из серии Xperia NXT, линейки смартфонов нового поколения. В нем объединились новейшие технологии и лучшие разработки Sony, достойный функционал и минималистичный дизайн.</p> \r\n\r\n<p>Высокая производительность. Мощный двухъядерный процессор 1,5 ГГц Qualcomm Snapdragon MSM8260 гарантирует быстродействие любых игр и приложений.\r\nПревосходное качество изображения. 4,3-дюймовый HD 1280*720p экран Reality Display с технологией Mobile BRAVIA Engine обеспечивает потрясающие впечатления от просмотра изображений и видео с высоким разрешением.</p>\r\n\r\n<p>Удобство подключения к другим устройствам. Беспроводная связь на малых расстояниях (NFC) позволяет легко обмениваться информацией с другими пользователями и открывает доступ к многочисленным NFC-приложениям и услугам. Xperia S можно подключить к телевизору посредством Wi-Fi, DLNA, HDMI, а также использовать BRAVIA Sync для управления смартфоном с пульта ДУ телевизора.</p>\r\n				\r\n				\r\n<div class="tech-harakt">\r\n					<h3>Технические характеристики</h3>\r\n\r\n<h4>Связь</h4>\r\n<ul>\r\n<li> - 3G  : Есть </li>\r\n<li> - EDGE  : Есть </li>\r\n<li> - Wi-Fi  : Есть (802.11 b/g/n)</li> \r\n</ul>\r\n\r\n<h4>Дисплей</h4>\r\n<ul>\r\n<li> - Тип дисплея  : TFT с LED подсветкой</li> \r\n<li> - Разрешение дисплея (пикс)  : 1280x720</li> \r\n<li> - Диагональ дисплея (дюйм)  : 4.3 </li>\r\n<li> - Сенсорный экран  : Есть </li>\r\n</ul>\r\n\r\n<h4>Система</h4>\r\n<ul>\r\n<li> - GPS-навигация  : Есть </li>\r\n<li> - Операционная система  : Android v2.3 </li>\r\n<li> - Частота проц. (МГц) : 1500 (Dual-core Qualcomm MSM8260 Snapdragon) </li>\r\n</ul>\r\n\r\n<h4>Мультимедиа</h4>\r\n<ul>\r\n<li> - Фотокамера : 12,1 Mпикс </li>\r\n<li> - Аудиоплеер : да </li>\r\n<li> - FM - радио : да </li>\r\n</ul>\r\n\r\n<h4>Корпус</h4>\r\n<ul>\r\n<li> - Тип корпуса : Классический </li>\r\n</ul>\r\n\r\n<h4>Память</h4>\r\n<ul>\r\n<li> - Встроенная память (Мб) : 32000</li>\r\n</ul>\r\n</div>', '1', '0', '0', '0', 12000, '2012-09-02', ''),
(1, 'Alcatel OT890D', 'Ключевики', 'Описание', 'no_image.jpg', 6, '<p>Футуристичный смартфон Sony Xperia S под управлением ОС Android 2.3 Gingerbread с возможностью обновления до версии 4.0 Ice Cream Sandwich – первый из серии Xperia NXT, линейки смартфонов нового поколения.</p> \r\n\r\n<p>В нем объединились новейшие технологии и лучшие разработки Sony, достойный функционал и минималистичный дизайн.</p>', '<p>Футуристичный смартфон Sony Xperia S под управлением ОС Android 2.3 Gingerbread с возможностью обновления до версии 4.0 Ice Cream Sandwich – первый из серии Xperia NXT, линейки смартфонов нового поколения. В нем объединились новейшие технологии и лучшие разработки Sony, достойный функционал и минималистичный дизайн.</p> \r\n\r\n<p>Высокая производительность. Мощный двухъядерный процессор 1,5 ГГц Qualcomm Snapdragon MSM8260 гарантирует быстродействие любых игр и приложений.\r\nПревосходное качество изображения. 4,3-дюймовый HD 1280*720p экран Reality Display с технологией Mobile BRAVIA Engine обеспечивает потрясающие впечатления от просмотра изображений и видео с высоким разрешением.</p>\r\n\r\n<p>Удобство подключения к другим устройствам. Беспроводная связь на малых расстояниях (NFC) позволяет легко обмениваться информацией с другими пользователями и открывает доступ к многочисленным NFC-приложениям и услугам. Xperia S можно подключить к телевизору посредством Wi-Fi, DLNA, HDMI, а также использовать BRAVIA Sync для управления смартфоном с пульта ДУ телевизора.</p>', '1', '1', '0', '0', 5000, '2012-09-02', ''),
(2, 'Сонька', 'Ключевые словечки', 'Описание модного нового телефона', 'no_image.jpg', 6, '<p>\r\n	Краткое описание. Краткое!</p>', '<p>\r\n	Полное описание. Полнее некуда.</p>', '1', '0', '1', '0', 456.46, '2012-09-02', '2_7.jpg'),
(69, '111111', '', '', '69.jpg', 8, '', '', '1', '0', '1', '0', 0, '2015-07-24', ''),
(70, 'Выравнивание', '', '', '70.jpg', 6, '', '', '1', '0', '0', '0', 0, '2015-07-24', ''),
(71, 'Выравнивание 2', '', '', '71.jpg', 6, '', '', '1', '1', '1', '1', 0, '2015-07-24', ''),
(36, 'Alcatel Nes', 'Ключевики нового смартфона Alcatel', 'Описание нового смартфона Alcatel', 'no_image.jpg', 6, '<p>\r\n	<strong><span style="font-size:16px;">Анонс нового Alcatel New!</span></strong></p>', '<p>\r\n	Подробное описание смартфона Alcatel.</p>', '1', '0', '0', '0', 500.56, '2015-07-15', ''),
(43, 'Новая Нокия Dual Sim', '', '', 'no_image.jpg', 13, '', '', '1', '1', '1', '1', 1500.57, '2015-07-15', ''),
(44, 'Новая Нокия Dual Sim 2', '', '', 'no_image.jpg', 13, '', '', '1', '1', '0', '0', 2500, '2015-07-15', ''),
(45, 'Nokia from main category Nokia', '', '', 'no_image.jpg', 13, '', '', '1', '0', '0', '0', 300, '2015-07-15', ''),
(46, 'Nokia from main category Nokia 2', '', '', 'no_image.jpg', 14, '', '', '1', '0', '0', '0', 400, '2015-07-15', ''),
(47, 'Новый Sony', '', '', 'no_image.jpg', 2, '', '', '1', '0', '0', '1', 999, '2015-07-16', ''),
(67, '1', '', '', 'no_image.jpg', 6, '', '', '1', '0', '0', '0', 0, '2015-07-21', ''),
(68, '187', '', '', '68.gif', 6, '', '', '1', '0', '1', '0', 0, '2015-07-21', ''),
(72, '11', '', '', 'no_image.jpg', 13, '', '', '1', '0', '0', '0', 0, '2015-07-27', NULL);

-- --------------------------------------------------------

--
-- Структура таблицы `informers`
--

CREATE TABLE IF NOT EXISTS `informers` (
  `informer_id` tinyint(3) unsigned NOT NULL AUTO_INCREMENT,
  `informer_name` varchar(255) NOT NULL,
  `informer_position` tinyint(3) unsigned NOT NULL DEFAULT '0',
  PRIMARY KEY (`informer_id`)
) ENGINE=MyISAM  DEFAULT CHARSET=utf8 AUTO_INCREMENT=5 ;

--
-- Дамп данных таблицы `informers`
--

INSERT INTO `informers` (`informer_id`, `informer_name`, `informer_position`) VALUES
(1, 'Способы оплаты', 4),
(2, 'Доставка', 1),
(3, 'Информация для вас', 3),
(4, 'Тест', 2);

-- --------------------------------------------------------

--
-- Структура таблицы `links`
--

CREATE TABLE IF NOT EXISTS `links` (
  `link_id` tinyint(3) unsigned NOT NULL AUTO_INCREMENT,
  `link_name` varchar(255) NOT NULL,
  `parent_informer` tinyint(3) unsigned NOT NULL,
  `links_position` tinyint(3) unsigned NOT NULL DEFAULT '0',
  `keywords` varchar(255) NOT NULL,
  `description` varchar(255) NOT NULL,
  `text` text NOT NULL,
  PRIMARY KEY (`link_id`)
) ENGINE=MyISAM  DEFAULT CHARSET=utf8 AUTO_INCREMENT=15 ;

--
-- Дамп данных таблицы `links`
--

INSERT INTO `links` (`link_id`, `link_name`, `parent_informer`, `links_position`, `keywords`, `description`, `text`) VALUES
(1, 'Наличный расчет', 1, 1, 'Ключевики статьи наличный расчет', 'Описание статьи наличный расчет', '<p>Текст статьи наличный расчет</p>'),
(2, 'Пластиковой картой', 1, 2, 'Ключевики статьи пластиковой картой', 'Описание статьи пластиковой картой', '<p>Текст статьи пластиковой картой</p>'),
(3, 'Кредит', 1, 5, 'Ключевики статьи кредит', 'Описание статьи кредит', '<p>Текст статьи кредит</p>'),
(4, 'Рассчитать кредит', 1, 4, 'Ключевики статьи рассчитать кредит', 'Описание статьи рассчитать кредит', '<p>Текст статьи рассчитать кредит</p>'),
(5, 'Безналичный расчет', 1, 3, 'Ключевики статьи безналичный расчет', 'Описание статьи безналичный расчет', '<p>Текст статьи безналичный расчет</p>'),
(6, 'Почта России', 2, 1, 'ключевики', 'описание', '<p>Текст почта России</p>'),
(7, 'Курьерская служба', 2, 2, 'Ключевики', 'Описание', '<p>Текст курьерская служба</p>'),
(8, 'Гарантия', 3, 1, 'Ключевики', 'Описание', '<p>Текст статьи гарантия</p>'),
(9, 'Как выбрать телефон', 3, 2, 'Ключевики', 'Описание', '<p>Текст статьи как выбрать телефон</p>'),
(10, 'Ремонт и обслуживание', 3, 3, 'Ключевики', 'Описание', '<p>Текст статьи Ремонт и обслуживание</p>'),
(11, 'Акции и новинки', 3, 4, 'Ключевики', 'Описание', '<p>Текст статьи Акции и новинки</p>'),
(12, 'Условия доставки', 3, 5, 'Ключевики', 'Описание', '<p>Текст статьи Условия доставки</p>'),
(14, 'New informer', 4, 0, '', '', '');

-- --------------------------------------------------------

--
-- Структура таблицы `news`
--

CREATE TABLE IF NOT EXISTS `news` (
  `news_id` int(10) unsigned NOT NULL AUTO_INCREMENT,
  `title` varchar(255) NOT NULL,
  `keywords` varchar(255) NOT NULL,
  `description` varchar(255) NOT NULL,
  `anons` text NOT NULL,
  `text` text NOT NULL,
  `date` date NOT NULL,
  PRIMARY KEY (`news_id`)
) ENGINE=MyISAM  DEFAULT CHARSET=utf8 AUTO_INCREMENT=6 ;

--
-- Дамп данных таблицы `news`
--

INSERT INTO `news` (`news_id`, `title`, `keywords`, `description`, `anons`, `text`, `date`) VALUES
(3, 'Скоро в продаже iPhone 5', '', '', '<p>Скоро в продаже iPhone 5 Скоро в продаже iPhone 5 Скоро в продаже iPhone 5 Скоро в продаже iPhone 5 Скоро в продаже iPhone 5 Скоро в продаже iPhone 5 Скоро в продаже iPhone 5 Скоро в продаже iPhone 5</p>', '<p>Скоро в продаже iPhone 5 Скоро в продаже iPhone 5 Скоро в продаже iPhone 5 Скоро в продаже iPhone 5 Скоро в продаже iPhone 5 Скоро в продаже iPhone 5 Скоро в продаже iPhone 5 Скоро в продаже iPhone 5</p>\r\n<p>Скоро в продаже iPhone 5 Скоро в продаже iPhone 5 Скоро в продаже iPhone 5 Скоро в продаже iPhone 5 Скоро в продаже iPhone 5 Скоро в продаже iPhone 5 Скоро в продаже iPhone 5 Скоро в продаже iPhone 5</p>', '2012-10-22'),
(1, 'Поступили в продажу новые телефоны Samsung', '', '', '<p>Поступили в продажу новые телефоны Samsung Поступили в продажу новые телефоны Samsung Поступили в продажу новые телефоны Samsung Поступили в продажу новые телефоны Samsung Поступили в продажу новые телефоны Samsung Поступили в продажу новые телефоны Samsung Поступили в продажу новые телефоны Samsung Поступили в продажу новые телефоны Samsung</p>', '<p>Поступили в продажу новые телефоны Samsung Поступили в продажу новые телефоны Samsung Поступили в продажу новые телефоны Samsung Поступили в продажу новые телефоны Samsung Поступили в продажу новые телефоны Samsung Поступили в продажу новые телефоны Samsung Поступили в продажу новые телефоны Samsung Поступили в продажу новые телефоны Samsung</p>\r\n<p>Поступили в продажу новые телефоны Samsung Поступили в продажу новые телефоны Samsung Поступили в продажу новые телефоны Samsung Поступили в продажу новые телефоны Samsung Поступили в продажу новые телефоны Samsung Поступили в продажу новые телефоны Samsung Поступили в продажу новые телефоны Samsung Поступили в продажу новые телефоны Samsung</p>', '2012-10-01'),
(2, 'Подарки всем купившим iPhone 4s', '', '', '<p>Подарки всем купившим iPhone 4s Подарки всем купившим iPhone 4s Подарки всем купившим iPhone 4s Подарки всем купившим iPhone 4s Подарки всем купившим iPhone 4s Подарки всем купившим iPhone 4s Подарки всем купившим iPhone 4s</p>', '<p>Подарки всем купившим iPhone 4s Подарки всем купившим iPhone 4s Подарки всем купившим iPhone 4s Подарки всем купившим iPhone 4s Подарки всем купившим iPhone 4s Подарки всем купившим iPhone 4s Подарки всем купившим iPhone 4s</p>\r\n<p>Подарки всем купившим iPhone 4s Подарки всем купившим iPhone 4s Подарки всем купившим iPhone 4s Подарки всем купившим iPhone 4s Подарки всем купившим iPhone 4s Подарки всем купившим iPhone 4s Подарки всем купившим iPhone 4s</p>', '2012-10-10'),
(4, 'Новая Nokia Lumia', 'ключевики', 'описание', '<p>\r\n	Предлагаем Вашему вниманию новую модель Nokia</p>', '<p>\r\n	Предлагаем Вашему вниманию новую модель Nokia</p>\r\n<p>\r\n	Nokia Lumia!</p>', '2013-01-24');

-- --------------------------------------------------------

--
-- Структура таблицы `orders`
--

CREATE TABLE IF NOT EXISTS `orders` (
  `order_id` int(10) unsigned NOT NULL AUTO_INCREMENT,
  `customer_id` int(10) unsigned NOT NULL,
  `date` datetime NOT NULL,
  `dostavka_id` tinyint(3) unsigned NOT NULL,
  `status` enum('0','1') NOT NULL DEFAULT '0',
  `prim` text NOT NULL,
  PRIMARY KEY (`order_id`)
) ENGINE=MyISAM  DEFAULT CHARSET=utf8 AUTO_INCREMENT=37 ;

--
-- Дамп данных таблицы `orders`
--

INSERT INTO `orders` (`order_id`, `customer_id`, `date`, `dostavka_id`, `status`, `prim`) VALUES
(19, 3, '2015-07-30 10:14:34', 1, '1', ''),
(20, 3, '2015-07-30 10:15:01', 1, '1', ''),
(21, 3, '2015-07-30 10:26:51', 1, '1', ''),
(22, 3, '2015-07-30 10:27:00', 1, '1', ''),
(29, 3, '2015-07-30 13:50:45', 1, '1', ''),
(30, 3, '2015-07-30 13:50:57', 1, '1', ''),
(31, 3, '2015-07-30 13:54:16', 1, '1', ''),
(35, 27, '2015-07-30 15:29:05', 1, '0', ''),
(36, 14, '2015-08-07 14:16:49', 1, '0', '');

-- --------------------------------------------------------

--
-- Структура таблицы `pages`
--

CREATE TABLE IF NOT EXISTS `pages` (
  `page_id` tinyint(3) unsigned NOT NULL AUTO_INCREMENT,
  `title` varchar(255) NOT NULL,
  `keywords` varchar(255) NOT NULL,
  `description` varchar(255) NOT NULL,
  `position` tinyint(3) unsigned NOT NULL DEFAULT '0',
  `text` text NOT NULL,
  PRIMARY KEY (`page_id`)
) ENGINE=MyISAM  DEFAULT CHARSET=utf8 AUTO_INCREMENT=6 ;

--
-- Дамп данных таблицы `pages`
--

INSERT INTO `pages` (`page_id`, `title`, `keywords`, `description`, `position`, `text`) VALUES
(1, 'О магазине', 'Ключевики страницы "О магазине"', 'Описание страницы "О магазине"', 1, '<p>Some textSome textSome textSome textSome textSome textSome textSome textSome textSome textSome textSome textSome textSome textSome textSome textSome textSome textSome textSome textSome textSome textSome textSome textSome textSome textSome textSome textSome textSome textSome textSome textSome textSome textSome textSome textSome textSome textSome textSome textSome textSome textvvSome text</p>\r\n<p>Some textSome textSome textSome textSome textSome textSome textSome textSome textSome textSome textSome textSome textSome textSome textSome textSome textSome textSome textSome textSome textSome textSome textSome textSome textSome textSome textSome textSome textSome textSome textSome textSome textSome textSome textSome textSome textSome textSome textSome textSome textSome textvvSome text</p>'),
(2, 'Оплата и доставка', 'ключевики', 'описание', 2, '<p>\r\n	<img alt="" src="http://ishop/userfiles/upload/images/1.jpg" style="width: 150px; height: 113px; float: left; margin-left: 5px; margin-right: 5px;" />Some textSome textSome textSome textSome textSome textSome textSome textSome textSome textSome textSome textSome textSome textSome textSome textSome textSome textSome textSome textSome textSome textSome textSome textSome textSome textSome textSome textSome textSome textSome textSome textSome textSome textSome textSome textSome textSome textSome textSome textSome textSome textvvSome text</p>\r\n<p>\r\n	Some textSome textSome textSome textSome textSome textSome textSome textSome textSome textSome textSome textSome textSome textSome textSome textSome textSome textSome textSome textSome textSome textSome textSome textSome textSome textSome textSome textSome textSome textSome textSome textSome textSome textSome textSome textSome textSome textSome textSome textSome textSome textvvSome text</p>'),
(3, 'Покупка в кредит', '', '', 3, '<p>Some textSome textSome textSome textSome textSome textSome textSome textSome textSome textSome textSome textSome textSome textSome textSome textSome textSome textSome textSome textSome textSome textSome textSome textSome textSome textSome textSome textSome textSome textSome textSome textSome textSome textSome textSome textSome textSome textSome textSome textSome textSome textvvSome text</p>\r\n<p>Some textSome textSome textSome textSome textSome textSome textSome textSome textSome textSome textSome textSome textSome textSome textSome textSome textSome textSome textSome textSome textSome textSome textSome textSome textSome textSome textSome textSome textSome textSome textSome textSome textSome textSome textSome textSome textSome textSome textSome textSome textSome textvvSome text</p>');

-- --------------------------------------------------------

--
-- Структура таблицы `roles`
--

CREATE TABLE IF NOT EXISTS `roles` (
  `id_role` tinyint(3) unsigned NOT NULL AUTO_INCREMENT,
  `name_role` varchar(255) NOT NULL,
  PRIMARY KEY (`id_role`)
) ENGINE=InnoDB  DEFAULT CHARSET=utf8 AUTO_INCREMENT=3 ;

--
-- Дамп данных таблицы `roles`
--

INSERT INTO `roles` (`id_role`, `name_role`) VALUES
(1, 'Покупатель'),
(2, 'Администратор');

-- --------------------------------------------------------

--
-- Структура таблицы `zakaz_tovar`
--

CREATE TABLE IF NOT EXISTS `zakaz_tovar` (
  `zakaz_tovar_id` int(10) unsigned NOT NULL AUTO_INCREMENT,
  `orders_id` int(10) unsigned NOT NULL,
  `goods_id` int(10) unsigned NOT NULL,
  `quantity` tinyint(3) unsigned NOT NULL,
  `name` varchar(255) NOT NULL,
  `price` float NOT NULL DEFAULT '0',
  PRIMARY KEY (`zakaz_tovar_id`)
) ENGINE=MyISAM  DEFAULT CHARSET=utf8 AUTO_INCREMENT=45 ;

--
-- Дамп данных таблицы `zakaz_tovar`
--

INSERT INTO `zakaz_tovar` (`zakaz_tovar_id`, `orders_id`, `goods_id`, `quantity`, `name`, `price`) VALUES
(22, 17, 8, 5, 'Sony XperiaTipo Dual ST21i2 Black', 9000),
(21, 16, 10, 1, 'Sony Xperia P LT22i Silver', 21000),
(20, 15, 9, 1, 'LG Fantasy E740', 7500),
(19, 14, 5, 2, 'LG P920 Optimus 3D', 15000),
(18, 13, 43, 1, 'Новая Нокия Dual Sim', 1500.57),
(23, 17, 7, 1, 'LG Optimus 4X HD P880', 17000),
(24, 18, 9, 1, 'LG Fantasy E740', 7500),
(25, 18, 23, 1, 'Nokia 6700c-1 chrome', 23000),
(26, 19, 3, 1, 'LG Optimus L5 dual sim E615 White', 12000),
(27, 20, 17, 1, 'Nokia 500 Black (Purple/Red)', 17000),
(28, 21, 72, 1, '11', 0),
(29, 22, 72, 1, '11', 0),
(30, 23, 36, 1, 'Alcatel Nes', 500.56),
(31, 24, 69, 1, '111111', 0),
(32, 25, 4, 2, 'LG Optimus L5 E612 Black', 13100),
(33, 26, 9, 1, 'LG Fantasy E740', 7500),
(34, 27, 7, 1, 'LG Optimus 4X HD P880', 17000),
(35, 28, 17, 1, 'Nokia 500 Black (Purple/Red)', 17000),
(36, 29, 34, 1, 'Nokia X1-01 red', 34000),
(37, 30, 25, 1, 'Nokia 101', 25000),
(38, 31, 35, 1, 'Nokia 1280', 35),
(43, 35, 35, 1, 'Nokia 1280', 35),
(44, 36, 35, 1, 'Nokia 1280', 35);

/*!40101 SET CHARACTER_SET_CLIENT=@OLD_CHARACTER_SET_CLIENT */;
/*!40101 SET CHARACTER_SET_RESULTS=@OLD_CHARACTER_SET_RESULTS */;
/*!40101 SET COLLATION_CONNECTION=@OLD_COLLATION_CONNECTION */;
